id,dt,sunrise,sunset,moonrise,moonset,moon_phase,pressure,humidity,dew_point,wind_speed,wind_deg,wind_gust,weather,clouds,pop,rain,uvi,temp.day,temp.min,temp.max,temp.night,temp.eve,temp.morn,feels_like.day,feels_like.night,feels_like.eve,feels_like.morn,city_id,lat,lon,timezone,timezone_offset,snow
1,2021-05-08,1620448491,1620502213,1620445440,1620489900,0.9,1008,58,10.56,10.3,212,15.48,"[{'id': 500, 'main': 'Rain', 'description': 'légère pluie', 'icon': '10d'}]",56,0.51,1.52,6.89,19.0,9.55,19.11,12.22,18.15,12.74,18.47,12.55,17.64,12.55,1,48.6359,-1.5126,Europe/Paris,7200,
2,2021-05-09,1620534802,1620588698,1620532800,1620580260,0.93,998,56,10.22,5.3,194,9.55,"[{'id': 500, 'main': 'Rain', 'description': 'légère pluie', 'icon': '10d'}]",100,0.53,0.42,6.77,19.11,10.59,20.19,12.01,14.97,12.52,18.54,11.73,14.45,11.73,1,48.6359,-1.5126,Europe/Paris,7200,
3,2021-05-10,1620621115,1620675183,1620620160,1620670560,0.96,1005,56,6.53,9.15,217,13.61,"[{'id': 500, 'main': 'Rain', 'description': 'légère pluie', 'icon': '10d'}]",34,0.71,0.99,6.15,15.16,8.77,15.5,8.77,13.7,10.01,14.19,9.39,12.82,9.39,1,48.6359,-1.5126,Europe/Paris,7200,
4,2021-05-11,1620707429,1620761666,1620707700,1620760980,0.0,1007,62,7.39,9.67,198,13.65,"[{'id': 500, 'main': 'Rain', 'description': 'légère pluie', 'icon': '10d'}]",96,0.89,1.94,5.52,14.77,6.82,14.77,9.32,12.34,8.6,13.92,5.98,11.59,5.98,1,48.6359,-1.5126,Europe/Paris,7200,
5,2021-05-12,1620793745,1620848149,1620795360,1620851340,0.02,1011,77,7.68,5.42,204,11.49,"[{'id': 501, 'main': 'Rain', 'description': 'pluie modérée', 'icon': '10d'}]",92,1.0,11.49,5.24,11.58,6.78,12.87,9.18,11.26,8.26,10.8,5.9,10.9,5.9,1,48.6359,-1.5126,Europe/Paris,7200,
6,2021-05-13,1620880063,1620934632,1620883320,1620941640,0.05,1010,62,6.39,3.57,249,5.26,"[{'id': 500, 'main': 'Rain', 'description': 'légère pluie', 'icon': '10d'}]",30,0.83,1.25,6.0,13.73,7.06,14.11,8.32,11.89,8.07,12.78,6.26,10.94,6.26,1,48.6359,-1.5126,Europe/Paris,7200,
7,2021-05-14,1620966383,1621021114,1620971640,0,0.08,1012,67,7.41,5.17,324,5.48,"[{'id': 500, 'main': 'Rain', 'description': 'légère pluie', 'icon': '10d'}]",100,0.71,0.7,6.0,13.59,7.08,13.59,9.05,12.04,8.37,12.75,7.31,11.31,7.31,1,48.6359,-1.5126,Europe/Paris,7200,
8,2021-05-15,1621052704,1621107595,1621060500,1621031700,0.11,1021,69,6.29,6.31,17,8.98,"[{'id': 804, 'main': 'Clouds', 'description': 'couvert', 'icon': '04d'}]",99,0.44,0.0,6.0,11.81,7.06,13.59,7.26,12.31,9.05,10.85,7.14,11.42,7.14,1,48.6359,-1.5126,Europe/Paris,7200,
9,2021-05-08,1620448610,1620502336,1620445560,1620490020,0.9,1007,60,10.14,11.41,209,16.09,"[{'id': 500, 'main': 'Rain', 'description': 'légère pluie', 'icon': '10d'}]",41,0.58,1.79,6.9,18.01,10.32,18.95,12.07,17.73,13.08,17.43,12.82,17.18,12.82,2,48.6455,-2.0154,Europe/Paris,7200,
10,2021-05-09,1620534921,1620588821,1620532920,1620580380,0.93,998,61,10.14,7.97,242,12.47,"[{'id': 803, 'main': 'Clouds', 'description': 'nuageux', 'icon': '04d'}]",83,0.31,0.0,6.8,17.86,11.13,18.14,11.13,14.4,11.95,17.29,11.16,13.72,11.16,2,48.6455,-2.0154,Europe/Paris,7200,
11,2021-05-10,1620621233,1620675305,1620620280,1620670680,0.96,1004,57,6.18,10.0,220,13.94,"[{'id': 500, 'main': 'Rain', 'description': 'légère pluie', 'icon': '10d'}]",63,0.72,1.1,6.14,14.58,9.52,14.7,9.52,13.14,10.75,13.58,10.0,12.31,10.0,2,48.6455,-2.0154,Europe/Paris,7200,
12,2021-05-11,1620707548,1620761789,1620707820,1620761100,0.0,1007,55,5.83,12.02,195,15.66,"[{'id': 500, 'main': 'Rain', 'description': 'légère pluie', 'icon': '10d'}]",54,0.8,1.03,5.57,14.75,7.81,14.75,9.85,12.39,8.87,13.72,5.75,11.56,5.75,2,48.6455,-2.0154,Europe/Paris,7200,
13,2021-05-12,1620793864,1620848272,1620795480,1620851460,0.02,1011,84,8.06,6.6,218,12.14,"[{'id': 501, 'main': 'Rain', 'description': 'pluie modérée', 'icon': '10d'}]",98,0.98,12.16,5.41,10.58,7.78,12.27,9.36,9.31,9.41,9.89,6.72,6.64,6.72,2,48.6455,-2.0154,Europe/Paris,7200,
14,2021-05-13,1620880182,1620934755,1620883440,1620941760,0.05,1010,64,5.94,5.32,262,7.27,"[{'id': 500, 'main': 'Rain', 'description': 'légère pluie', 'icon': '10d'}]",23,0.44,0.42,6.0,12.86,8.2,12.86,9.77,11.66,8.5,11.87,6.17,10.66,6.17,2,48.6455,-2.0154,Europe/Paris,7200,
15,2021-05-14,1620966501,1621021236,1620971760,0,0.08,1012,69,7.07,4.6,344,7.48,"[{'id': 500, 'main': 'Rain', 'description': 'légère pluie', 'icon': '10d'}]",50,0.36,0.67,6.0,12.62,8.08,12.68,10.08,12.06,9.71,11.74,7.45,11.2,7.45,2,48.6455,-2.0154,Europe/Paris,7200,
16,2021-05-15,1621052823,1621107717,1621060620,1621031820,0.11,1021,71,6.7,7.23,345,8.3,"[{'id': 804, 'main': 'Clouds', 'description': 'couvert', 'icon': '04d'}]",99,0.07,0.0,6.0,11.71,9.46,12.36,9.46,12.15,10.7,10.79,10.05,11.33,10.05,2,48.6455,-2.0154,Europe/Paris,7200,
17,2021-05-08,1620448174,1620502142,1620445260,1620489660,0.9,1007,64,12.33,9.82,206,17.15,"[{'id': 500, 'main': 'Rain', 'description': 'légère pluie', 'icon': '10d'}]",91,0.79,2.44,6.61,19.18,8.85,21.0,12.08,20.44,11.11,18.82,10.76,19.85,10.76,3,49.2765,-0.7025,Europe/Paris,7200,
18,2021-05-09,1620534482,1620588629,1620532560,1620580080,0.93,999,58,10.23,5.1,217,9.55,"[{'id': 501, 'main': 'Rain', 'description': 'pluie modérée', 'icon': '10d'}]",100,0.75,2.87,6.01,18.49,11.05,19.53,12.13,15.16,12.91,17.91,11.9,15.0,11.9,3,49.2765,-0.7025,Europe/Paris,7200,
19,2021-05-10,1620620793,1620675116,1620619920,1620670440,0.96,1004,54,6.27,9.75,218,14.87,"[{'id': 500, 'main': 'Rain', 'description': 'légère pluie', 'icon': '10d'}]",8,0.45,0.56,6.03,15.44,8.73,15.83,8.73,14.45,9.26,14.45,5.81,13.67,5.81,3,49.2765,-0.7025,Europe/Paris,7200,
20,2021-05-11,1620707105,1620761602,1620707400,1620760860,0.0,1007,62,7.38,8.77,209,12.27,"[{'id': 500, 'main': 'Rain', 'description': 'légère pluie', 'icon': '10d'}]",92,0.43,0.36,4.55,14.46,6.52,15.3,8.37,11.74,6.52,13.58,4.05,11.08,4.05,3,49.2765,-0.7025,Europe/Paris,7200,
21,2021-05-12,1620793419,1620848087,1620795060,1620851280,0.02,1011,69,7.87,5.78,216,12.04,"[{'id': 501, 'main': 'Rain', 'description': 'pluie modérée', 'icon': '10d'}]",70,0.98,10.75,4.99,13.33,5.38,13.33,10.12,9.38,7.04,12.52,4.33,7.94,4.33,3,49.2765,-0.7025,Europe/Paris,7200,
22,2021-05-13,1620879734,1620934572,1620882960,1620941640,0.05,1010,64,6.78,4.98,302,7.59,"[{'id': 500, 'main': 'Rain', 'description': 'légère pluie', 'icon': '10d'}]",42,1.0,2.75,5.0,13.55,7.11,13.66,7.11,10.96,7.56,12.63,5.44,10.1,5.44,3,49.2765,-0.7025,Europe/Paris,7200,
23,2021-05-14,1620966052,1621021056,1620971280,0,0.08,1011,66,6.84,3.77,25,3.19,"[{'id': 500, 'main': 'Rain', 'description': 'légère pluie', 'icon': '10d'}]",94,0.49,0.75,5.0,13.0,5.37,13.1,7.87,11.19,7.41,12.08,6.84,10.27,6.84,3,49.2765,-0.7025,Europe/Paris,7200,
24,2021-05-15,1621052371,1621107539,1621060080,1621031700,0.11,1021,81,7.12,6.29,19,9.12,"[{'id': 500, 'main': 'Rain', 'description': 'légère pluie', 'icon': '10d'}]",100,0.88,3.48,5.0,10.09,8.25,11.18,10.44,10.76,8.64,9.27,5.46,9.67,5.46,3,49.2765,-0.7025,Europe/Paris,7200,
25,2021-05-08,1620447937,1620501990,1620445080,1620489480,0.9,1008,73,11.26,10.23,193,16.54,"[{'id': 501, 'main': 'Rain', 'description': 'pluie modérée', 'icon': '10d'}]",100,0.98,3.64,6.46,16.14,9.44,20.0,13.56,19.39,10.68,15.72,10.21,18.85,10.21,4,49.4939,0.108,Europe/Paris,7200,
26,2021-05-09,1620534245,1620588478,1620532380,1620579900,0.93,999,80,12.98,6.8,205,11.94,"[{'id': 501, 'main': 'Rain', 'description': 'pluie modérée', 'icon': '10d'}]",100,0.92,6.52,4.6,16.41,12.02,16.54,12.02,15.21,12.43,16.2,12.24,15.11,12.24,4,49.4939,0.108,Europe/Paris,7200,
27,2021-05-10,1620620554,1620674965,1620619740,1620670260,0.96,1004,60,6.82,8.89,206,14.48,"[{'id': 501, 'main': 'Rain', 'description': 'pluie modérée', 'icon': '10d'}]",23,0.81,2.35,6.02,14.48,10.16,15.13,10.74,13.94,10.38,13.55,9.82,13.17,9.82,4,49.4939,0.108,Europe/Paris,7200,
28,2021-05-11,1620706865,1620761452,1620707160,1620760740,0.0,1008,56,5.83,6.31,203,10.28,"[{'id': 500, 'main': 'Rain', 'description': 'légère pluie', 'icon': '10d'}]",93,0.48,0.65,2.91,14.46,8.54,14.46,10.62,12.4,8.56,13.42,6.28,11.73,6.28,4,49.4939,0.108,Europe/Paris,7200,
29,2021-05-12,1620793179,1620847938,1620794820,1620851100,0.02,1011,68,7.41,6.31,213,10.76,"[{'id': 501, 'main': 'Rain', 'description': 'pluie modérée', 'icon': '10d'}]",50,0.86,5.99,4.46,13.26,8.25,13.26,10.36,9.94,8.68,12.42,5.64,9.94,5.64,4,49.4939,0.108,Europe/Paris,7200,
30,2021-05-13,1620879493,1620934424,1620882720,1620941460,0.05,1010,70,6.83,6.36,302,10.81,"[{'id': 501, 'main': 'Rain', 'description': 'pluie modérée', 'icon': '10d'}]",61,0.93,5.36,5.0,12.15,9.84,12.22,9.84,11.64,9.88,11.25,7.63,10.71,7.63,4,49.4939,0.108,Europe/Paris,7200,
31,2021-05-14,1620965810,1621020909,1620971040,0,0.08,1011,68,6.33,4.31,346,6.03,"[{'id': 804, 'main': 'Clouds', 'description': 'couvert', 'icon': '04d'}]",90,0.26,0.0,5.0,12.12,8.99,12.4,10.45,11.65,10.03,11.16,9.05,10.72,9.05,4,49.4939,0.108,Europe/Paris,7200,
32,2021-05-15,1621052129,1621107392,1621059780,1621031580,0.11,1020,83,7.15,9.66,16,12.99,"[{'id': 501, 'main': 'Rain', 'description': 'pluie modérée', 'icon': '10d'}]",100,1.0,9.89,5.0,9.94,8.93,11.63,9.63,11.26,8.93,6.93,4.87,10.27,4.87,4,49.4939,0.108,Europe/Paris,7200,
33,2021-05-08,1620447711,1620501742,1620444840,1620489240,0.9,1010,74,12.26,9.04,212,13.62,"[{'id': 500, 'main': 'Rain', 'description': 'légère pluie', 'icon': '10d'}]",100,0.96,1.12,6.22,17.36,7.05,20.89,12.91,20.52,9.01,17.08,6.24,20.06,6.24,5,49.4405,1.094,Europe/Paris,7200,
34,2021-05-09,1620534019,1620588230,1620532140,1620579600,0.93,1000,81,15.17,8.76,181,15.38,"[{'id': 501, 'main': 'Rain', 'description': 'pluie modérée', 'icon': '10d'}]",100,1.0,9.05,5.04,18.72,12.0,21.28,13.72,16.97,13.01,18.76,12.93,16.94,12.93,5,49.4405,1.094,Europe/Paris,7200,
35,2021-05-10,1620620329,1620674717,1620619500,1620670020,0.96,1005,58,7.55,8.27,215,13.26,"[{'id': 501, 'main': 'Rain', 'description': 'pluie modérée', 'icon': '10d'}]",46,1.0,5.71,4.79,16.15,9.18,16.93,9.18,14.33,9.69,15.34,7.12,13.7,7.12,5,49.4405,1.094,Europe/Paris,7200,
36,2021-05-11,1620706640,1620761204,1620706920,1620760440,0.0,1009,72,8.56,6.31,233,8.55,"[{'id': 500, 'main': 'Rain', 'description': 'légère pluie', 'icon': '10d'}]",100,0.63,2.1,3.63,13.8,6.66,15.43,9.4,12.66,7.18,13.12,7.18,12.17,7.18,5,49.4405,1.094,Europe/Paris,7200,
37,2021-05-12,1620792953,1620847690,1620794580,1620850860,0.02,1012,67,7.64,4.74,227,9.91,"[{'id': 500, 'main': 'Rain', 'description': 'légère pluie', 'icon': '10d'}]",58,1.0,3.58,4.13,13.93,5.25,13.93,9.4,10.74,6.81,13.13,4.7,10.32,4.7,5,49.4405,1.094,Europe/Paris,7200,
38,2021-05-13,1620879268,1620934175,1620882480,1620941220,0.05,1010,74,8.12,3.23,302,8.45,"[{'id': 500, 'main': 'Rain', 'description': 'légère pluie', 'icon': '10d'}]",99,0.95,5.31,5.0,13.04,7.38,14.25,8.83,12.55,8.9,12.33,7.79,11.9,7.79,5,49.4405,1.094,Europe/Paris,7200,
39,2021-05-14,1620965585,1621020660,1620970800,0,0.08,1011,53,5.58,4.88,352,8.17,"[{'id': 803, 'main': 'Clouds', 'description': 'nuageux', 'icon': '04d'}]",83,0.15,0.0,5.0,15.24,6.13,15.24,8.66,11.87,8.25,14.2,7.69,11.04,7.69,5,49.4405,1.094,Europe/Paris,7200,
40,2021-05-15,1621051904,1621107144,1621059600,1621031280,0.11,1019,88,7.65,6.51,7,11.86,"[{'id': 501, 'main': 'Rain', 'description': 'pluie modérée', 'icon': '10d'}]",100,1.0,9.74,5.0,9.94,6.37,11.35,6.37,10.49,8.74,7.27,5.47,9.53,5.47,5,49.4405,1.094,Europe/Paris,7200,
41,2021-05-08,1620447523,1620501327,1620444540,1620488940,0.9,1012,59,9.78,6.59,217,11.2,"[{'id': 804, 'main': 'Clouds', 'description': 'couvert', 'icon': '04d'}]",100,0.14,0.0,5.77,18.03,8.55,21.7,15.67,21.56,9.8,17.43,7.85,21.02,7.85,6,48.8567,2.3515,Europe/Paris,7200,
42,2021-05-09,1620533833,1620587813,1620531840,1620579240,0.93,1002,47,11.43,7.68,212,13.6,"[{'id': 500, 'main': 'Rain', 'description': 'légère pluie', 'icon': '10d'}]",79,0.91,1.68,6.53,23.24,13.68,25.16,15.71,18.15,13.79,22.85,13.63,17.93,13.63,6,48.8567,2.3515,Europe/Paris,7200,
43,2021-05-10,1620620145,1620674298,1620619260,1620669660,0.96,1007,55,6.82,6.33,220,11.67,"[{'id': 500, 'main': 'Rain', 'description': 'légère pluie', 'icon': '10d'}]",82,0.81,0.95,5.35,15.96,11.24,18.08,12.46,16.49,11.24,15.05,10.72,15.53,10.72,6,48.8567,2.3515,Europe/Paris,7200,
44,2021-05-11,1620706458,1620760782,1620706740,1620760020,0.0,1010,73,8.83,4.35,248,9.96,"[{'id': 501, 'main': 'Rain', 'description': 'pluie modérée', 'icon': '10d'}]",100,0.86,4.12,1.52,13.65,9.98,15.02,11.44,14.49,9.99,12.98,9.99,13.67,9.99,6,48.8567,2.3515,Europe/Paris,7200,
45,2021-05-12,1620792774,1620847266,1620794400,1620850380,0.02,1013,52,5.04,3.56,241,9.49,"[{'id': 500, 'main': 'Rain', 'description': 'légère pluie', 'icon': '10d'}]",72,0.81,1.42,5.66,14.94,7.7,15.52,11.44,14.03,8.63,13.85,6.81,13.37,6.81,6,48.8567,2.3515,Europe/Paris,7200,
46,2021-05-13,1620879091,1620933750,1620882300,1620940740,0.05,1010,79,7.55,2.64,218,6.9,"[{'id': 500, 'main': 'Rain', 'description': 'légère pluie', 'icon': '10d'}]",99,0.68,1.29,6.0,11.17,9.97,14.65,10.75,13.35,10.43,10.41,9.88,12.65,9.88,6,48.8567,2.3515,Europe/Paris,7200,
47,2021-05-14,1620965410,1621020232,1620970680,0,0.08,1010,46,4.16,2.73,337,5.7,"[{'id': 501, 'main': 'Rain', 'description': 'pluie modérée', 'icon': '10d'}]",99,0.93,6.67,6.0,15.74,8.95,15.74,10.62,11.68,9.64,14.57,9.11,11.2,9.11,6,48.8567,2.3515,Europe/Paris,7200,
48,2021-05-15,1621051730,1621106714,1621059480,1621030800,0.11,1017,80,9.38,4.4,4,8.44,"[{'id': 500, 'main': 'Rain', 'description': 'légère pluie', 'icon': '10d'}]",99,0.93,2.53,6.0,12.92,9.39,12.95,11.39,12.95,9.81,12.36,9.26,12.29,9.26,6,48.8567,2.3515,Europe/Paris,7200,
49,2021-05-08,1620447333,1620501544,1620444540,1620488940,0.9,1010,89,11.53,8.78,217,13.95,"[{'id': 500, 'main': 'Rain', 'description': 'légère pluie', 'icon': '10d'}]",100,0.92,2.49,5.62,13.57,5.36,20.39,12.76,20.14,8.28,13.31,5.47,19.75,5.47,7,49.8942,2.2957,Europe/Paris,7200,
50,2021-05-09,1620533639,1620588033,1620531840,1620579360,0.93,1001,68,14.35,8.76,196,16.16,"[{'id': 501, 'main': 'Rain', 'description': 'pluie modérée', 'icon': '10d'}]",100,1.0,7.66,5.64,20.62,11.75,21.73,14.42,16.4,12.94,20.51,12.74,16.45,12.74,7,49.8942,2.2957,Europe/Paris,7200,
51,2021-05-10,1620619947,1620674522,1620619140,1620669780,0.96,1006,66,8.32,8.19,217,12.74,"[{'id': 500, 'main': 'Rain', 'description': 'légère pluie', 'icon': '10d'}]",82,1.0,3.03,3.92,14.9,9.37,16.95,9.37,14.82,10.85,14.17,10.34,14.24,10.34,7,49.8942,2.2957,Europe/Paris,7200,
52,2021-05-11,1620706257,1620761011,1620706560,1620760260,0.0,1009,71,9.83,5.06,227,7.87,"[{'id': 500, 'main': 'Rain', 'description': 'légère pluie', 'icon': '10d'}]",100,0.6,1.74,3.22,15.14,7.26,15.98,8.73,13.58,7.84,14.56,7.33,12.98,7.33,7,49.8942,2.2957,Europe/Paris,7200,
53,2021-05-12,1620792568,1620847498,1620794160,1620850680,0.02,1012,53,5.93,4.37,227,8.55,"[{'id': 500, 'main': 'Rain', 'description': 'légère pluie', 'icon': '10d'}]",30,0.8,2.37,4.96,15.47,5.89,15.47,10.77,12.83,7.29,14.46,5.18,12.34,5.18,7,49.8942,2.2957,Europe/Paris,7200,
54,2021-05-13,1620878882,1620933985,1620882060,1620941040,0.05,1010,87,10.02,4.61,265,7.45,"[{'id': 500, 'main': 'Rain', 'description': 'légère pluie', 'icon': '10d'}]",88,0.91,2.64,5.0,12.39,7.84,12.72,7.84,12.05,9.84,11.96,8.14,11.37,8.14,7,49.8942,2.2957,Europe/Paris,7200,
55,2021-05-14,1620965197,1621020472,1620970380,0,0.08,1010,57,6.85,5.2,330,8.96,"[{'id': 501, 'main': 'Rain', 'description': 'pluie modérée', 'icon': '10d'}]",93,0.93,3.57,5.0,15.54,6.75,15.54,10.2,12.24,8.43,14.64,7.48,11.71,7.48,7,49.8942,2.2957,Europe/Paris,7200,
56,2021-05-15,1621051514,1621106957,1621059120,1621031160,0.11,1019,87,8.35,5.99,28,11.01,"[{'id': 501, 'main': 'Rain', 'description': 'pluie modérée', 'icon': '10d'}]",100,1.0,7.92,5.0,10.71,5.81,13.37,5.81,11.21,8.79,10.11,5.71,10.34,5.71,7,49.8942,2.2957,Europe/Paris,7200,
57,2021-05-08,1620446997,1620501511,1620444360,1620488760,0.9,1010,93,7.92,7.64,213,16.67,"[{'id': 500, 'main': 'Rain', 'description': 'légère pluie', 'icon': '10d'}]",100,1.0,2.69,1.86,8.99,5.33,19.58,14.03,19.43,6.98,5.59,3.96,19.02,3.96,8,50.6366,3.0635,Europe/Paris,7200,
58,2021-05-09,1620533300,1620588004,1620531600,1620579240,0.93,1001,62,13.87,7.83,196,14.97,"[{'id': 501, 'main': 'Rain', 'description': 'pluie modérée', 'icon': '10d'}]",100,1.0,6.0,5.05,21.22,11.6,23.21,14.91,18.82,12.92,21.02,12.7,18.79,12.7,8,50.6366,3.0635,Europe/Paris,7200,
59,2021-05-10,1620619605,1620674496,1620618900,1620669660,0.96,1006,64,8.67,7.47,217,12.43,"[{'id': 501, 'main': 'Rain', 'description': 'pluie modérée', 'icon': '10d'}]",98,1.0,8.58,4.18,15.37,10.87,16.67,10.87,15.18,12.07,14.63,11.79,14.48,11.79,8,50.6366,3.0635,Europe/Paris,7200,
60,2021-05-11,1620705912,1620760987,1620706260,1620760200,0.0,1008,56,8.53,2.9,254,6.43,"[{'id': 500, 'main': 'Rain', 'description': 'légère pluie', 'icon': '10d'}]",100,0.96,5.35,3.59,17.2,8.24,17.2,10.71,13.33,8.72,16.44,7.52,12.89,7.52,8,50.6366,3.0635,Europe/Paris,7200,
61,2021-05-12,1620792221,1620847477,1620793860,1620850680,0.02,1012,52,4.93,4.44,228,10.25,"[{'id': 500, 'main': 'Rain', 'description': 'légère pluie', 'icon': '10d'}]",53,0.26,0.86,5.26,14.36,7.37,16.54,11.48,14.05,8.72,13.21,6.53,13.23,6.53,8,50.6366,3.0635,Europe/Paris,7200,
62,2021-05-13,1620878531,1620933967,1620881700,1620941100,0.05,1009,61,9.46,4.45,169,7.91,"[{'id': 500, 'main': 'Rain', 'description': 'légère pluie', 'icon': '10d'}]",82,0.99,5.61,6.0,16.77,9.06,16.77,9.06,11.2,10.48,16.1,9.78,10.67,9.78,8,50.6366,3.0635,Europe/Paris,7200,
63,2021-05-14,1620964844,1621020456,1620969960,0,0.08,1010,73,9.83,4.31,359,7.83,"[{'id': 500, 'main': 'Rain', 'description': 'légère pluie', 'icon': '10d'}]",99,0.94,5.91,6.0,14.45,8.93,15.22,10.42,13.16,9.82,13.86,8.99,12.78,8.99,8,50.6366,3.0635,Europe/Paris,7200,
64,2021-05-15,1621051158,1621106944,1621058700,1621031220,0.11,1018,60,6.51,5.92,347,11.18,"[{'id': 500, 'main': 'Rain', 'description': 'légère pluie', 'icon': '10d'}]",89,0.89,3.22,6.0,13.93,7.79,13.93,9.91,10.71,7.79,12.95,4.79,9.59,4.79,8,50.6366,3.0635,Europe/Paris,7200,
65,2021-05-08,1620446280,1620499978,1620443160,1620487560,0.9,1017,56,6.76,3.92,183,5.27,"[{'id': 804, 'main': 'Clouds', 'description': 'couvert', 'icon': '04d'}]",94,0.0,0.0,6.03,15.24,3.57,19.14,11.55,18.69,4.51,14.28,3.57,17.95,3.57,9,48.5846,7.7507,Europe/Paris,7200,
66,2021-05-09,1620532591,1620586463,1620530580,1620577860,0.93,1008,53,11.95,4.01,185,6.24,"[{'id': 803, 'main': 'Clouds', 'description': 'nuageux', 'icon': '04d'}]",68,0.08,0.0,6.46,21.72,9.51,24.52,16.19,22.7,10.11,21.33,9.4,22.75,9.4,9,48.5846,7.7507,Europe/Paris,7200,
67,2021-05-10,1620618904,1620672947,1620617940,1620668280,0.96,1011,84,11.88,4.45,274,7.25,"[{'id': 501, 'main': 'Rain', 'description': 'pluie modérée', 'icon': '10d'}]",89,1.0,16.95,3.04,14.38,11.51,18.36,11.51,12.62,13.03,14.07,12.56,12.44,12.56,9,48.5846,7.7507,Europe/Paris,7200,
68,2021-05-11,1620705218,1620759431,1620705480,1620758580,0.0,1008,88,11.35,4.43,192,8.04,"[{'id': 501, 'main': 'Rain', 'description': 'pluie modérée', 'icon': '10d'}]",100,1.0,16.28,1.79,13.17,10.34,13.83,10.66,11.68,10.63,12.84,10.28,11.41,10.28,9,48.5846,7.7507,Europe/Paris,7200,
69,2021-05-12,1620791535,1620845914,1620793140,1620849000,0.02,1013,62,7.39,3.96,253,8.88,"[{'id': 500, 'main': 'Rain', 'description': 'légère pluie', 'icon': '10d'}]",100,0.96,1.63,0.47,14.34,9.32,14.35,9.32,12.41,10.27,13.45,9.68,11.69,9.68,9,48.5846,7.7507,Europe/Paris,7200,
70,2021-05-13,1620877853,1620932396,1620881040,1620939300,0.05,1010,57,8.38,1.4,94,1.57,"[{'id': 500, 'main': 'Rain', 'description': 'légère pluie', 'icon': '10d'}]",95,0.69,0.65,1.0,16.77,6.76,16.99,10.32,14.17,9.22,15.99,9.22,13.6,9.22,9,48.5846,7.7507,Europe/Paris,7200,
71,2021-05-14,1620964172,1621018878,1620969420,1621029360,0.08,1007,60,10.45,3.35,277,7.91,"[{'id': 500, 'main': 'Rain', 'description': 'légère pluie', 'icon': '10d'}]",42,1.0,5.9,1.0,18.24,7.66,18.49,11.33,13.22,10.02,17.69,9.38,12.9,9.38,9,48.5846,7.7507,Europe/Paris,7200,
72,2021-05-15,1621050494,1621105358,1621058220,0,0.11,1017,90,8.45,2.65,197,6.02,"[{'id': 500, 'main': 'Rain', 'description': 'légère pluie', 'icon': '10d'}]",100,0.83,3.5,1.0,9.82,8.27,10.16,8.27,10.04,9.07,9.82,7.9,9.48,7.9,9,48.5846,7.7507,Europe/Paris,7200,
73,2021-05-08,1620446440,1620500013,1620443280,1620487680,0.9,1016,52,5.29,2.73,156,5.36,"[{'id': 804, 'main': 'Clouds', 'description': 'couvert', 'icon': '04d'}]",87,0.0,0.0,6.11,13.72,0.79,20.1,8.63,19.14,2.12,12.51,2.12,18.31,2.12,10,48.2495,7.3443,Europe/Paris,7200,
74,2021-05-09,1620532753,1620586497,1620530700,1620577980,0.93,1008,42,8.54,3.82,167,7.78,"[{'id': 802, 'main': 'Clouds', 'description': 'partiellement nuageux', 'icon': '03d'}]",39,0.27,0.0,6.64,20.77,8.12,22.14,12.82,19.42,8.89,20.0,7.63,19.11,7.63,10,48.2495,7.3443,Europe/Paris,7200,
75,2021-05-10,1620619067,1620672980,1620618120,1620668340,0.96,1011,91,10.12,3.11,282,8.04,"[{'id': 501, 'main': 'Rain', 'description': 'pluie modérée', 'icon': '10d'}]",85,1.0,15.28,2.18,10.26,8.24,13.96,8.24,9.59,10.08,9.72,9.47,9.59,9.47,10,48.2495,7.3443,Europe/Paris,7200,
76,2021-05-11,1620705382,1620759462,1620705600,1620758640,0.0,1009,93,9.76,1.97,201,5.49,"[{'id': 501, 'main': 'Rain', 'description': 'pluie modérée', 'icon': '10d'}]",100,1.0,25.34,2.11,9.45,7.33,10.09,7.71,8.18,7.58,9.45,7.58,7.1,7.58,10,48.2495,7.3443,Europe/Paris,7200,
77,2021-05-12,1620791700,1620845944,1620793260,1620849000,0.02,1013,56,4.48,3.04,305,7.97,"[{'id': 500, 'main': 'Rain', 'description': 'légère pluie', 'icon': '10d'}]",100,1.0,1.08,0.84,11.65,4.85,11.65,4.85,9.26,6.58,10.33,5.36,8.67,5.36,10,48.2495,7.3443,Europe/Paris,7200,
78,2021-05-13,1620878019,1620932425,1620881220,1620939300,0.05,1009,55,5.48,2.44,90,2.06,"[{'id': 500, 'main': 'Rain', 'description': 'légère pluie', 'icon': '10d'}]",80,0.71,0.89,1.0,13.23,3.37,13.23,7.16,10.65,6.95,12.04,6.95,9.86,6.95,10,48.2495,7.3443,Europe/Paris,7200,
79,2021-05-14,1620964340,1621018906,1620969600,1621029360,0.08,1008,70,10.06,3.04,279,5.85,"[{'id': 500, 'main': 'Rain', 'description': 'légère pluie', 'icon': '10d'}]",53,1.0,4.97,1.0,14.32,4.75,14.32,7.1,9.6,7.63,13.64,7.63,8.01,7.63,10,48.2495,7.3443,Europe/Paris,7200,
80,2021-05-15,1621050662,1621105385,1621058400,0,0.11,1016,66,5.54,2.03,49,3.0,"[{'id': 500, 'main': 'Rain', 'description': 'légère pluie', 'icon': '10d'}]",99,0.55,3.35,1.0,10.25,5.56,10.5,6.93,7.36,6.24,9.05,6.24,7.36,6.24,10,48.2495,7.3443,Europe/Paris,7200,
81,2021-05-08,1620446469,1620499978,1620443280,1620487680,0.9,1016,53,6.53,3.41,170,6.23,"[{'id': 803, 'main': 'Clouds', 'description': 'nuageux', 'icon': '04d'}]",78,0.0,0.0,6.11,16.59,3.95,21.49,11.75,20.87,5.18,15.69,5.18,20.21,5.18,11,48.0778,7.358,Europe/Paris,7200,
82,2021-05-09,1620532782,1620586461,1620530700,1620577920,0.93,1008,47,10.23,3.93,183,6.51,"[{'id': 803, 'main': 'Clouds', 'description': 'nuageux', 'icon': '04d'}]",56,0.2,0.0,6.64,22.82,11.11,24.81,16.25,22.52,11.62,22.38,10.82,22.52,10.82,11,48.0778,7.358,Europe/Paris,7200,
83,2021-05-10,1620619096,1620672943,1620618120,1620668280,0.96,1011,91,11.76,3.49,211,8.52,"[{'id': 501, 'main': 'Rain', 'description': 'pluie modérée', 'icon': '10d'}]",89,0.97,14.91,2.18,13.88,11.4,17.51,11.4,12.81,12.97,13.7,12.49,12.65,12.49,11,48.0778,7.358,Europe/Paris,7200,
84,2021-05-11,1620705412,1620759425,1620705600,1620758640,0.0,1009,95,10.6,2.71,196,5.03,"[{'id': 501, 'main': 'Rain', 'description': 'pluie modérée', 'icon': '10d'}]",100,1.0,27.87,2.11,12.02,10.53,12.65,10.65,10.9,10.66,11.76,10.34,10.6,10.34,11,48.0778,7.358,Europe/Paris,7200,
85,2021-05-12,1620791730,1620845906,1620793320,1620849000,0.02,1013,56,5.93,2.71,229,5.86,"[{'id': 500, 'main': 'Rain', 'description': 'légère pluie', 'icon': '10d'}]",97,1.0,1.84,0.84,15.17,8.32,15.17,8.32,12.46,9.83,14.2,9.06,11.67,9.06,11,48.0778,7.358,Europe/Paris,7200,
86,2021-05-13,1620878050,1620932387,1620881280,1620939240,0.05,1010,56,6.97,2.11,81,1.83,"[{'id': 500, 'main': 'Rain', 'description': 'légère pluie', 'icon': '10d'}]",88,0.76,0.88,1.0,16.19,6.44,16.19,9.98,13.79,9.63,15.33,9.63,13.26,9.63,11,48.0778,7.358,Europe/Paris,7200,
87,2021-05-14,1620964372,1621018867,1620969660,1621029300,0.08,1008,68,10.94,2.68,263,4.42,"[{'id': 500, 'main': 'Rain', 'description': 'légère pluie', 'icon': '10d'}]",49,1.0,5.06,1.0,17.6,7.69,17.6,10.05,12.95,10.62,17.19,9.98,12.52,9.98,11,48.0778,7.358,Europe/Paris,7200,
88,2021-05-15,1621050695,1621105346,1621058460,0,0.11,1016,66,6.82,2.64,33,3.1,"[{'id': 500, 'main': 'Rain', 'description': 'légère pluie', 'icon': '10d'}]",99,0.55,3.68,1.0,13.58,8.57,13.74,9.95,10.58,9.49,12.72,9.49,10.07,9.49,11,48.0778,7.358,Europe/Paris,7200,
89,2021-05-08,1620446487,1620499984,1620443280,1620487680,0.9,1016,51,6.22,3.39,195,6.65,"[{'id': 803, 'main': 'Clouds', 'description': 'nuageux', 'icon': '04d'}]",78,0.0,0.0,6.11,16.94,4.19,21.46,11.87,20.9,5.45,16.02,5.45,20.25,5.45,12,48.0448,7.308,Europe/Paris,7200,
90,2021-05-09,1620532800,1620586467,1620530700,1620577980,0.93,1008,45,9.75,3.75,178,6.17,"[{'id': 803, 'main': 'Clouds', 'description': 'nuageux', 'icon': '04d'}]",62,0.2,0.0,6.64,23.04,11.58,24.91,16.54,22.49,12.06,22.57,11.25,22.49,11.25,12,48.0448,7.308,Europe/Paris,7200,
91,2021-05-10,1620619115,1620672949,1620618120,1620668280,0.96,1011,91,11.65,3.13,219,8.67,"[{'id': 501, 'main': 'Rain', 'description': 'pluie modérée', 'icon': '10d'}]",93,0.97,15.56,2.18,13.94,11.45,17.69,11.45,12.84,13.19,13.77,12.73,12.69,12.73,12,48.0448,7.308,Europe/Paris,7200,
92,2021-05-11,1620705431,1620759431,1620705660,1620758640,0.0,1009,96,10.44,2.49,191,4.78,"[{'id': 501, 'main': 'Rain', 'description': 'pluie modérée', 'icon': '10d'}]",100,1.0,29.13,2.11,11.96,10.58,12.48,10.77,10.87,10.7,11.72,10.38,10.57,10.38,12,48.0448,7.308,Europe/Paris,7200,
93,2021-05-12,1620791749,1620845912,1620793320,1620849000,0.02,1013,54,5.48,2.43,235,5.47,"[{'id': 500, 'main': 'Rain', 'description': 'légère pluie', 'icon': '10d'}]",96,1.0,1.86,0.84,15.58,8.19,15.58,8.19,12.39,9.84,14.6,9.31,11.62,9.31,12,48.0448,7.308,Europe/Paris,7200,
94,2021-05-13,1620878069,1620932392,1620881280,1620939240,0.05,1010,57,6.91,2.06,87,1.72,"[{'id': 500, 'main': 'Rain', 'description': 'légère pluie', 'icon': '10d'}]",89,0.78,1.2,1.0,16.25,6.57,16.25,9.95,13.63,9.88,15.42,9.88,13.14,9.88,12,48.0448,7.308,Europe/Paris,7200,
95,2021-05-14,1620964390,1621018872,1620969660,1621029360,0.08,1008,69,11.02,2.66,267,4.03,"[{'id': 500, 'main': 'Rain', 'description': 'légère pluie', 'icon': '10d'}]",52,1.0,5.06,1.0,17.47,7.87,17.47,9.94,12.88,10.85,17.07,10.26,12.42,10.26,12,48.0448,7.308,Europe/Paris,7200,
96,2021-05-15,1621050714,1621105351,1621058520,0,0.11,1016,67,6.65,2.34,35,2.94,"[{'id': 500, 'main': 'Rain', 'description': 'légère pluie', 'icon': '10d'}]",98,0.54,3.21,1.0,13.43,8.48,14.15,10.06,10.74,9.62,12.58,9.62,10.25,9.62,12,48.0448,7.308,Europe/Paris,7200,
97,2021-05-08,1620446941,1620500146,1620443580,1620487980,0.9,1016,48,7.39,4.74,248,7.47,"[{'id': 803, 'main': 'Clouds', 'description': 'nuageux', 'icon': '04d'}]",81,0.0,0.0,6.6,18.75,4.05,20.75,11.78,20.44,5.12,17.93,5.12,19.43,5.12,13,47.238,6.0244,Europe/Paris,7200,
98,2021-05-09,1620533257,1620586626,1620531060,1620578220,0.93,1007,44,10.91,6.64,227,12.85,"[{'id': 500, 'main': 'Rain', 'description': 'légère pluie', 'icon': '10d'}]",65,0.36,0.14,6.95,24.35,9.72,25.5,15.53,21.32,10.18,23.99,9.21,21.1,9.21,13,47.238,6.0244,Europe/Paris,7200,
99,2021-05-10,1620619574,1620673106,1620618480,1620668520,0.96,1011,97,10.82,3.81,283,10.97,"[{'id': 502, 'main': 'Rain', 'description': 'forte pluie', 'icon': '10d'}]",100,1.0,32.6,2.19,11.74,9.94,14.32,9.94,10.64,12.74,11.5,12.6,10.34,12.6,13,47.238,6.0244,Europe/Paris,7200,
100,2021-05-11,1620705893,1620759585,1620706020,1620758820,0.0,1008,97,10.73,4.25,227,8.73,"[{'id': 501, 'main': 'Rain', 'description': 'pluie modérée', 'icon': '10d'}]",100,1.0,27.49,3.28,11.56,8.46,11.56,8.95,9.8,9.26,11.3,8.71,8.2,8.71,13,47.238,6.0244,Europe/Paris,7200,
101,2021-05-12,1620792214,1620846063,1620793800,1620849120,0.02,1014,61,5.74,3.86,228,8.68,"[{'id': 500, 'main': 'Rain', 'description': 'légère pluie', 'icon': '10d'}]",93,0.78,1.13,3.23,13.44,6.57,14.09,6.57,11.44,7.71,12.43,5.96,10.62,5.96,13,47.238,6.0244,Europe/Paris,7200,
102,2021-05-13,1620878536,1620932541,1620881820,1620939360,0.05,1010,55,6.38,2.96,305,2.02,"[{'id': 500, 'main': 'Rain', 'description': 'légère pluie', 'icon': '10d'}]",49,0.96,2.35,4.0,15.9,4.33,15.9,8.08,12.09,8.24,14.98,8.24,11.68,8.24,13,47.238,6.0244,Europe/Paris,7200,
103,2021-05-14,1620964860,1621019018,1620970200,1621029420,0.08,1011,84,8.2,5.01,236,7.38,"[{'id': 500, 'main': 'Rain', 'description': 'légère pluie', 'icon': '10d'}]",100,0.96,1.07,4.0,11.13,6.17,12.67,7.2,10.1,9.03,10.49,9.03,9.52,9.03,13,47.238,6.0244,Europe/Paris,7200,
104,2021-05-15,1621051186,1621105495,1621059060,0,0.11,1017,58,5.07,2.24,302,2.94,"[{'id': 500, 'main': 'Rain', 'description': 'légère pluie', 'icon': '10d'}]",100,0.27,0.11,4.0,13.49,4.3,13.97,7.38,12.28,8.07,12.41,8.07,11.65,8.07,13,47.238,6.0244,Europe/Paris,7200,
105,2021-05-08,1620447162,1620500397,1620443820,1620488220,0.9,1016,64,10.34,5.25,185,8.22,"[{'id': 804, 'main': 'Clouds', 'description': 'couvert', 'icon': '04d'}]",86,0.0,0.0,6.72,17.28,3.89,21.87,12.48,21.16,4.76,16.73,3.63,20.74,3.63,14,47.3216,5.0415,Europe/Paris,7200,
106,2021-05-09,1620533477,1620586877,1620531300,1620578460,0.93,1007,59,12.65,11.9,187,20.66,"[{'id': 803, 'main': 'Clouds', 'description': 'nuageux', 'icon': '04d'}]",66,0.03,0.0,6.96,21.04,12.26,21.91,17.44,19.83,14.55,20.74,13.84,19.46,13.84,14,47.3216,5.0415,Europe/Paris,7200,
107,2021-05-10,1620619794,1620673357,1620618720,1620668760,0.96,1011,97,11.0,7.92,193,21.26,"[{'id': 502, 'main': 'Rain', 'description': 'forte pluie', 'icon': '10d'}]",100,1.0,37.26,1.86,11.79,9.74,18.07,9.96,10.66,10.79,11.56,10.33,10.31,10.33,14,47.3216,5.0415,Europe/Paris,7200,
108,2021-05-11,1620706113,1620759837,1620706260,1620759060,0.0,1009,88,9.9,5.21,284,10.87,"[{'id': 501, 'main': 'Rain', 'description': 'pluie modérée', 'icon': '10d'}]",100,0.99,9.7,4.27,12.07,7.43,12.07,8.11,9.71,8.23,11.63,6.68,7.15,6.68,14,47.3216,5.0415,Europe/Paris,7200,
109,2021-05-12,1620792433,1620846315,1620794040,1620849420,0.02,1014,61,5.63,3.05,263,6.29,"[{'id': 500, 'main': 'Rain', 'description': 'légère pluie', 'icon': '10d'}]",96,0.23,0.39,3.13,13.07,5.31,14.24,7.41,12.12,7.34,12.03,5.28,11.42,5.28,14,47.3216,5.0415,Europe/Paris,7200,
110,2021-05-13,1620878755,1620932794,1620882060,1620939660,0.05,1010,76,9.59,2.54,264,4.37,"[{'id': 500, 'main': 'Rain', 'description': 'légère pluie', 'icon': '10d'}]",91,0.88,4.08,4.0,13.94,5.68,14.41,7.97,11.97,7.98,13.37,7.98,11.55,7.98,14,47.3216,5.0415,Europe/Paris,7200,
111,2021-05-14,1620965079,1621019271,1620970440,0,0.08,1010,92,8.85,4.42,264,7.34,"[{'id': 501, 'main': 'Rain', 'description': 'pluie modérée', 'icon': '10d'}]",100,1.0,7.63,4.0,10.39,6.6,10.49,6.6,9.86,8.76,9.89,8.76,7.88,8.76,14,47.3216,5.0415,Europe/Paris,7200,
112,2021-05-15,1621051405,1621105748,1621059240,1621029660,0.11,1017,72,7.47,2.64,330,4.29,"[{'id': 500, 'main': 'Rain', 'description': 'légère pluie', 'icon': '10d'}]",100,0.44,1.25,4.0,12.46,4.43,14.24,8.24,12.58,8.09,11.64,8.09,12.06,8.09,14,47.3216,5.0415,Europe/Paris,7200,
113,2021-05-08,1620447147,1620499889,1620443580,1620487920,0.9,1017,42,5.03,2.78,221,4.97,"[{'id': 803, 'main': 'Clouds', 'description': 'nuageux', 'icon': '04d'}]",79,0.0,0.0,6.89,19.46,4.49,22.23,11.44,21.81,5.1,18.56,4.01,21.33,4.01,15,45.8992,6.1289,Europe/Paris,7200,
114,2021-05-09,1620533467,1620586365,1620531060,1620578100,0.93,1009,43,8.42,3.03,129,5.18,"[{'id': 803, 'main': 'Clouds', 'description': 'nuageux', 'icon': '04d'}]",84,0.09,0.0,6.91,22.9,8.43,24.68,13.39,21.95,8.88,22.37,8.09,21.92,8.09,15,45.8992,6.1289,Europe/Paris,7200,
115,2021-05-10,1620619789,1620672841,1620618600,1620668340,0.96,1010,95,11.06,3.05,128,3.41,"[{'id': 501, 'main': 'Rain', 'description': 'pluie modérée', 'icon': '10d'}]",100,1.0,23.39,1.57,13.37,10.66,15.06,10.85,12.78,11.73,13.24,11.31,12.67,11.31,15,45.8992,6.1289,Europe/Paris,7200,
116,2021-05-11,1620706112,1620759315,1620706200,1620758580,0.0,1008,94,9.28,2.23,227,3.94,"[{'id': 501, 'main': 'Rain', 'description': 'pluie modérée', 'icon': '10d'}]",100,1.0,14.17,2.73,11.75,8.26,11.75,8.26,8.66,10.22,11.43,9.88,8.66,9.88,15,45.8992,6.1289,Europe/Paris,7200,
117,2021-05-12,1620792437,1620845790,1620793980,1620848820,0.02,1012,69,6.3,1.65,306,2.44,"[{'id': 500, 'main': 'Rain', 'description': 'légère pluie', 'icon': '10d'}]",96,1.0,5.92,0.79,13.37,7.73,13.37,8.0,10.37,7.92,12.56,7.92,9.76,7.92,15,45.8992,6.1289,Europe/Paris,7200,
118,2021-05-13,1620878763,1620932264,1620882060,1620939000,0.05,1009,51,3.55,1.7,324,2.12,"[{'id': 500, 'main': 'Rain', 'description': 'légère pluie', 'icon': '10d'}]",51,0.35,0.83,1.0,15.25,5.9,15.49,9.03,11.79,8.13,14.16,8.13,11.22,8.13,15,45.8992,6.1289,Europe/Paris,7200,
119,2021-05-14,1620965092,1621018737,1620970560,1621029000,0.08,1011,95,7.31,2.03,259,2.96,"[{'id': 500, 'main': 'Rain', 'description': 'légère pluie', 'icon': '10d'}]",98,0.99,3.26,1.0,9.65,5.59,11.89,5.59,9.16,9.08,8.76,9.08,9.16,9.08,15,45.8992,6.1289,Europe/Paris,7200,
120,2021-05-15,1621051422,1621105209,1621059420,0,0.11,1014,56,3.64,2.02,355,3.25,"[{'id': 500, 'main': 'Rain', 'description': 'légère pluie', 'icon': '10d'}]",73,0.37,0.15,1.0,13.8,3.84,14.52,9.38,11.82,7.07,12.7,7.07,11.09,7.07,15,45.8992,6.1289,Europe/Paris,7200,
121,2021-05-08,1620447360,1620499866,1620443640,1620488040,0.9,1016,35,3.99,2.17,144,2.81,"[{'id': 803, 'main': 'Clouds', 'description': 'nuageux', 'icon': '04d'}]",73,0.0,0.0,6.79,22.55,7.83,23.98,14.16,22.85,8.35,21.77,7.77,22.26,7.77,16,45.1876,5.7358,Europe/Paris,7200,
122,2021-05-09,1620533682,1620586339,1620531180,1620578160,0.93,1010,37,7.89,4.98,195,11.3,"[{'id': 802, 'main': 'Clouds', 'description': 'partiellement nuageux', 'icon': '03d'}]",50,0.22,0.0,7.18,25.74,12.49,26.25,15.22,23.12,13.13,25.34,12.61,22.85,12.61,16,45.1876,5.7358,Europe/Paris,7200,
123,2021-05-10,1620620006,1620672813,1620618720,1620668400,0.96,1010,93,12.05,3.56,113,4.82,"[{'id': 502, 'main': 'Rain', 'description': 'forte pluie', 'icon': '10d'}]",100,1.0,46.01,0.96,15.97,12.84,15.97,12.84,13.34,14.52,16.05,14.53,13.29,14.53,16,45.1876,5.7358,Europe/Paris,7200,
124,2021-05-11,1620706331,1620759285,1620706380,1620758580,0.0,1008,85,9.93,2.57,281,4.06,"[{'id': 501, 'main': 'Rain', 'description': 'pluie modérée', 'icon': '10d'}]",94,1.0,34.71,2.99,15.16,9.02,15.16,9.02,9.52,12.43,14.95,12.26,8.44,12.26,16,45.1876,5.7358,Europe/Paris,7200,
125,2021-05-12,1620792658,1620845758,1620794220,1620848760,0.02,1013,80,6.67,2.35,328,4.02,"[{'id': 500, 'main': 'Rain', 'description': 'légère pluie', 'icon': '10d'}]",100,0.79,3.23,0.83,12.7,9.08,12.7,9.83,11.52,9.15,12.11,8.07,10.97,8.07,16,45.1876,5.7358,Europe/Paris,7200,
126,2021-05-13,1620878986,1620932230,1620882360,1620938940,0.05,1009,62,5.1,2.94,348,4.34,"[{'id': 500, 'main': 'Rain', 'description': 'légère pluie', 'icon': '10d'}]",27,0.23,0.26,1.0,15.1,6.7,15.65,9.42,13.43,9.69,14.28,9.69,13.02,9.69,16,45.1876,5.7358,Europe/Paris,7200,
127,2021-05-14,1620965317,1621018701,1620970800,1621028940,0.08,1012,97,6.75,2.13,318,2.73,"[{'id': 500, 'main': 'Rain', 'description': 'légère pluie', 'icon': '10d'}]",100,0.99,2.58,1.0,10.03,7.02,13.24,7.02,11.17,11.05,9.62,10.38,10.61,10.38,16,45.1876,5.7358,Europe/Paris,7200,
128,2021-05-15,1621051648,1621105171,1621059660,0,0.11,1014,62,4.98,2.65,318,3.68,"[{'id': 500, 'main': 'Rain', 'description': 'légère pluie', 'icon': '10d'}]",100,0.37,0.17,1.0,14.67,5.37,14.97,10.65,12.87,8.73,13.81,8.73,12.38,8.73,16,45.1876,5.7358,Europe/Paris,7200,
129,2021-05-08,1620447482,1620500177,1620443880,1620488280,0.9,1016,48,8.26,5.65,183,14.1,"[{'id': 803, 'main': 'Clouds', 'description': 'nuageux', 'icon': '04d'}]",83,0.0,0.0,6.23,20.01,7.85,24.82,17.15,24.12,8.13,19.32,8.13,23.66,8.13,17,45.7578,4.832,Europe/Paris,7200,
130,2021-05-09,1620533803,1620586652,1620531360,1620578460,0.93,1009,47,10.59,10.99,175,22.22,"[{'id': 801, 'main': 'Clouds', 'description': 'peu nuageux', 'icon': '02d'}]",18,0.0,0.0,7.31,22.87,14.79,23.7,20.13,20.94,15.7,22.44,14.94,20.34,14.94,17,45.7578,4.832,Europe/Paris,7200,
131,2021-05-10,1620620125,1620673127,1620618900,1620668640,0.96,1011,97,11.04,10.46,180,21.4,"[{'id': 502, 'main': 'Rain', 'description': 'forte pluie', 'icon': '10d'}]",100,1.0,80.65,0.48,11.91,10.68,19.65,10.68,11.32,16.07,11.69,15.72,11.07,15.72,17,45.7578,4.832,Europe/Paris,7200,
132,2021-05-11,1620706448,1620759602,1620706500,1620758880,0.0,1010,90,9.51,6.55,295,12.04,"[{'id': 501, 'main': 'Rain', 'description': 'pluie modérée', 'icon': '10d'}]",100,1.0,22.67,3.98,11.54,8.23,12.43,8.23,10.21,10.93,11.1,10.64,9.51,10.64,17,45.7578,4.832,Europe/Paris,7200,
133,2021-05-12,1620792773,1620846076,1620794340,1620849120,0.02,1014,57,5.4,3.41,11,4.1,"[{'id': 803, 'main': 'Clouds', 'description': 'nuageux', 'icon': '04d'}]",68,0.15,0.0,4.25,14.06,6.43,15.67,9.35,13.77,8.27,13.01,8.27,12.95,8.27,17,45.7578,4.832,Europe/Paris,7200,
134,2021-05-13,1620879100,1620932549,1620882420,1620939300,0.05,1011,58,6.6,3.13,326,5.52,"[{'id': 500, 'main': 'Rain', 'description': 'légère pluie', 'icon': '10d'}]",91,0.33,0.18,5.0,15.1,6.97,16.71,10.22,14.42,9.15,14.18,9.15,13.82,9.15,17,45.7578,4.832,Europe/Paris,7200,
135,2021-05-14,1620965429,1621019022,1620970860,1621029300,0.08,1012,70,7.13,3.16,288,7.95,"[{'id': 500, 'main': 'Rain', 'description': 'légère pluie', 'icon': '10d'}]",99,0.88,4.73,5.0,12.91,8.43,14.41,8.43,11.66,9.72,12.08,9.72,11.15,9.72,17,45.7578,4.832,Europe/Paris,7200,
136,2021-05-15,1621051759,1621105494,1621059780,0,0.11,1016,57,5.37,3.22,17,6.86,"[{'id': 804, 'main': 'Clouds', 'description': 'couvert', 'icon': '04d'}]",98,0.0,0.0,5.0,14.19,6.06,15.72,9.8,13.45,7.87,13.15,7.87,12.65,7.87,17,45.7578,4.832,Europe/Paris,7200,
137,2021-05-08,1620447435,1620499481,1620443460,1620487860,0.9,1017,28,0.99,3.42,344,6.56,"[{'id': 803, 'main': 'Clouds', 'description': 'nuageux', 'icon': '04d'}]",61,0.0,0.0,7.58,21.4,8.12,21.55,10.43,19.96,8.68,20.33,7.34,19.55,7.34,18,43.7403,6.38,Europe/Paris,7200,
138,2021-05-09,1620533762,1620585950,1620531060,1620577920,0.93,1015,44,7.13,6.27,126,11.6,"[{'id': 804, 'main': 'Clouds', 'description': 'couvert', 'icon': '04d'}]",87,0.08,0.0,6.84,20.75,9.73,21.09,14.97,17.14,10.63,20.03,9.92,16.4,9.92,18,43.7403,6.38,Europe/Paris,7200,
139,2021-05-10,1620620089,1620672420,1620618660,1620668040,0.96,1013,95,11.21,5.28,121,14.95,"[{'id': 502, 'main': 'Rain', 'description': 'forte pluie', 'icon': '10d'}]",100,1.0,26.11,0.85,13.28,11.95,15.44,11.95,12.41,13.22,13.14,12.82,12.27,12.82,18,43.7403,6.38,Europe/Paris,7200,
140,2021-05-11,1620706419,1620758888,1620706380,1620758160,0.0,1008,75,9.22,4.18,335,8.13,"[{'id': 501, 'main': 'Rain', 'description': 'pluie modérée', 'icon': '10d'}]",76,1.0,23.72,4.19,14.73,7.33,14.77,7.33,10.79,11.11,14.22,10.84,10.2,10.84,18,43.7403,6.38,Europe/Paris,7200,
141,2021-05-12,1620792750,1620845357,1620794280,1620848340,0.02,1008,45,3.7,7.11,297,11.2,"[{'id': 801, 'main': 'Clouds', 'description': 'peu nuageux', 'icon': '02d'}]",19,0.06,0.0,7.08,16.66,5.27,16.66,7.45,12.03,7.7,15.56,5.53,10.91,5.53,18,43.7403,6.38,Europe/Paris,7200,
142,2021-05-13,1620879082,1620931824,1620882480,1620938400,0.05,1006,44,4.12,5.79,268,5.48,"[{'id': 800, 'main': 'Clear', 'description': 'ciel dégagé', 'icon': '01d'}]",3,0.12,0.0,8.0,17.5,5.94,17.5,8.51,12.56,9.12,16.45,7.59,11.73,7.59,18,43.7403,6.38,Europe/Paris,7200,
143,2021-05-14,1620965416,1621018292,1620970980,1621028400,0.08,1008,59,6.25,2.44,319,3.77,"[{'id': 500, 'main': 'Rain', 'description': 'légère pluie', 'icon': '10d'}]",96,0.73,2.8,8.0,15.34,7.37,15.34,8.08,12.32,10.01,14.47,9.08,11.7,9.08,18,43.7403,6.38,Europe/Paris,7200,
144,2021-05-15,1621051752,1621104758,1621059900,0,0.11,1011,63,7.38,2.01,19,3.45,"[{'id': 500, 'main': 'Rain', 'description': 'légère pluie', 'icon': '10d'}]",50,0.81,8.94,8.0,15.66,6.52,15.66,9.29,10.73,9.81,14.93,9.81,10.21,9.81,18,43.7403,6.38,Europe/Paris,7200,
145,2021-05-08,1620447535,1620499400,1620443460,1620487860,0.9,1018,60,10.02,7.55,284,14.11,"[{'id': 802, 'main': 'Clouds', 'description': 'partiellement nuageux', 'icon': '03d'}]",31,0.0,0.0,7.48,18.96,13.09,19.34,13.84,18.81,13.09,18.48,12.07,18.78,12.07,19,43.1507,6.3419,Europe/Paris,7200,
146,2021-05-09,1620533862,1620585868,1620531120,1620577920,0.93,1016,62,10.45,10.54,76,16.6,"[{'id': 804, 'main': 'Clouds', 'description': 'couvert', 'icon': '04d'}]",99,0.0,0.0,7.18,18.04,13.3,18.42,16.23,16.71,13.82,17.52,13.37,16.26,13.37,19,43.1507,6.3419,Europe/Paris,7200,
147,2021-05-10,1620620192,1620672335,1620618720,1620668040,0.96,1013,92,13.85,9.77,78,15.88,"[{'id': 502, 'main': 'Rain', 'description': 'forte pluie', 'icon': '10d'}]",100,1.0,19.95,0.77,15.05,14.59,16.04,14.84,14.72,15.5,15.01,15.22,14.73,15.22,19,43.1507,6.3419,Europe/Paris,7200,
148,2021-05-11,1620706523,1620758803,1620706500,1620758100,0.0,1008,62,10.15,10.17,298,15.69,"[{'id': 501, 'main': 'Rain', 'description': 'pluie modérée', 'icon': '10d'}]",7,1.0,9.27,5.93,18.01,13.76,18.43,13.76,16.29,14.31,17.49,14.17,15.65,14.17,19,43.1507,6.3419,Europe/Paris,7200,
149,2021-05-12,1620792855,1620845269,1620794400,1620848220,0.02,1009,42,4.97,12.6,305,18.54,"[{'id': 802, 'main': 'Clouds', 'description': 'partiellement nuageux', 'icon': '03d'}]",31,0.0,0.0,7.29,18.66,12.39,18.66,14.42,15.49,12.71,17.68,11.68,14.69,11.68,19,43.1507,6.3419,Europe/Paris,7200,
150,2021-05-13,1620879189,1620931736,1620882600,1620938280,0.05,1007,45,6.12,9.72,267,14.22,"[{'id': 800, 'main': 'Clear', 'description': 'ciel dégagé', 'icon': '01d'}]",2,0.0,0.0,8.0,19.18,12.9,19.18,13.83,16.01,13.52,18.33,12.39,15.18,12.39,19,43.1507,6.3419,Europe/Paris,7200,
151,2021-05-14,1620965525,1621018201,1620971160,1621028280,0.08,1009,59,8.61,5.8,276,8.43,"[{'id': 803, 'main': 'Clouds', 'description': 'nuageux', 'icon': '04d'}]",60,0.26,0.0,8.0,16.69,12.59,18.07,13.66,16.54,13.42,15.96,12.83,15.79,12.83,19,43.1507,6.3419,Europe/Paris,7200,
152,2021-05-15,1621051862,1621104666,1621060080,0,0.11,1011,58,8.96,3.32,38,3.4,"[{'id': 500, 'main': 'Rain', 'description': 'légère pluie', 'icon': '10d'}]",56,0.44,0.61,8.0,17.93,11.33,17.93,13.68,15.24,12.89,17.29,12.25,14.7,12.25,19,43.1507,6.3419,Europe/Paris,7200,
153,2021-05-08,1620447717,1620499602,1620443640,1620488040,0.9,1018,44,7.42,6.14,305,11.62,"[{'id': 802, 'main': 'Clouds', 'description': 'partiellement nuageux', 'icon': '03d'}]",33,0.0,0.0,7.5,20.81,14.81,21.83,16.48,21.16,14.81,20.1,13.89,20.77,13.89,20,43.214,5.5396,Europe/Paris,7200,
154,2021-05-09,1620534045,1620586070,1620531300,1620578100,0.93,1014,49,9.11,13.5,103,20.2,"[{'id': 500, 'main': 'Rain', 'description': 'légère pluie', 'icon': '10d'}]",100,0.25,0.12,7.32,21.08,15.48,21.81,19.02,20.57,15.55,20.52,14.88,19.96,14.88,20,43.214,5.5396,Europe/Paris,7200,
155,2021-05-10,1620620374,1620672538,1620618900,1620668220,0.96,1012,91,13.82,13.19,107,19.84,"[{'id': 501, 'main': 'Rain', 'description': 'pluie modérée', 'icon': '10d'}]",100,1.0,18.25,1.34,15.7,15.32,18.84,15.47,15.5,17.36,15.7,17.08,15.56,17.08,20,43.214,5.5396,Europe/Paris,7200,
156,2021-05-11,1620706705,1620759005,1620706680,1620758280,0.0,1009,66,10.53,13.84,315,20.91,"[{'id': 501, 'main': 'Rain', 'description': 'pluie modérée', 'icon': '10d'}]",37,1.0,11.88,6.26,17.44,13.63,17.44,13.63,14.67,14.98,16.96,14.73,14.1,14.73,20,43.214,5.5396,Europe/Paris,7200,
157,2021-05-12,1620793037,1620845472,1620794580,1620848460,0.02,1012,49,5.75,13.35,311,20.11,"[{'id': 802, 'main': 'Clouds', 'description': 'partiellement nuageux', 'icon': '03d'}]",33,0.0,0.0,7.26,17.17,12.31,17.17,15.12,15.63,12.72,16.22,11.8,15.08,11.8,20,43.214,5.5396,Europe/Paris,7200,
158,2021-05-13,1620879371,1620931939,1620882780,1620938520,0.05,1009,52,7.2,9.91,305,15.61,"[{'id': 800, 'main': 'Clear', 'description': 'ciel dégagé', 'icon': '01d'}]",8,0.0,0.0,8.0,18.0,13.75,18.0,14.91,15.79,13.75,17.21,12.75,15.17,12.75,20,43.214,5.5396,Europe/Paris,7200,
159,2021-05-14,1620965707,1621018405,1620971340,1621028460,0.08,1009,53,7.73,9.51,305,12.12,"[{'id': 500, 'main': 'Rain', 'description': 'légère pluie', 'icon': '10d'}]",34,0.32,0.5,8.0,17.9,12.21,18.39,16.4,17.63,12.21,17.13,11.47,16.86,11.47,20,43.214,5.5396,Europe/Paris,7200,
160,2021-05-15,1621052044,1621104870,1621060260,0,0.11,1012,51,6.89,4.23,171,6.39,"[{'id': 500, 'main': 'Rain', 'description': 'légère pluie', 'icon': '10d'}]",41,0.36,0.34,8.0,17.69,14.06,18.06,15.56,16.59,14.2,16.85,13.32,15.92,13.32,20,43.214,5.5396,Europe/Paris,7200,
161,2021-05-08,1620447746,1620499655,1620443700,1620488100,0.9,1018,46,7.83,6.62,128,11.65,"[{'id': 802, 'main': 'Clouds', 'description': 'partiellement nuageux', 'icon': '03d'}]",33,0.0,0.0,7.43,20.5,14.69,22.95,16.89,22.01,14.69,19.81,13.76,21.62,13.76,21,43.2962,5.37,Europe/Paris,7200,
162,2021-05-09,1620534073,1620586124,1620531300,1620578160,0.93,1013,51,9.48,14.58,112,21.77,"[{'id': 500, 'main': 'Rain', 'description': 'légère pluie', 'icon': '10d'}]",96,0.35,0.17,7.58,20.83,15.82,21.71,19.05,20.8,15.85,20.3,15.19,20.19,15.19,21,43.2962,5.37,Europe/Paris,7200,
163,2021-05-10,1620620402,1620672592,1620618960,1620668280,0.96,1011,90,13.98,13.68,116,20.73,"[{'id': 501, 'main': 'Rain', 'description': 'pluie modérée', 'icon': '10d'}]",100,1.0,13.69,2.11,16.01,15.5,19.0,15.62,15.69,17.61,16.02,17.33,15.69,17.33,21,43.2962,5.37,Europe/Paris,7200,
164,2021-05-11,1620706733,1620759059,1620706680,1620758340,0.0,1009,64,10.31,13.2,317,19.99,"[{'id': 501, 'main': 'Rain', 'description': 'pluie modérée', 'icon': '10d'}]",30,1.0,12.84,5.84,17.59,13.5,17.59,13.5,14.78,15.25,17.08,15.0,14.19,15.0,21,43.2962,5.37,Europe/Paris,7200,
165,2021-05-12,1620793065,1620845526,1620794640,1620848520,0.02,1012,49,5.88,12.66,313,18.8,"[{'id': 802, 'main': 'Clouds', 'description': 'partiellement nuageux', 'icon': '03d'}]",39,0.0,0.0,7.16,17.15,12.47,17.15,15.75,16.12,12.67,16.2,11.72,15.54,11.72,21,43.2962,5.37,Europe/Paris,7200,
166,2021-05-13,1620879398,1620931993,1620882780,1620938580,0.05,1009,52,7.46,9.37,306,14.93,"[{'id': 800, 'main': 'Clear', 'description': 'ciel dégagé', 'icon': '01d'}]",7,0.0,0.0,8.0,17.96,13.45,17.96,15.32,16.37,13.45,17.17,12.47,15.76,12.47,21,43.2962,5.37,Europe/Paris,7200,
167,2021-05-14,1620965734,1621018459,1620971340,1621028520,0.08,1009,51,7.41,9.68,298,12.04,"[{'id': 500, 'main': 'Rain', 'description': 'légère pluie', 'icon': '10d'}]",38,0.36,0.86,8.0,17.95,12.25,18.39,16.86,17.89,12.25,17.13,11.46,17.14,11.46,21,43.2962,5.37,Europe/Paris,7200,
168,2021-05-15,1621052071,1621104925,1621060260,0,0.11,1012,48,6.58,4.64,322,8.45,"[{'id': 802, 'main': 'Clouds', 'description': 'partiellement nuageux', 'icon': '03d'}]",45,0.3,0.0,8.0,18.35,13.68,19.39,16.06,17.38,13.68,17.49,12.75,16.71,12.75,21,43.2962,5.37,Europe/Paris,7200,
169,2021-05-08,1620447691,1620499672,1620443700,1620488100,0.9,1018,34,5.82,4.35,219,10.86,"[{'id': 802, 'main': 'Clouds', 'description': 'partiellement nuageux', 'icon': '03d'}]",42,0.0,0.0,7.28,22.43,11.7,23.64,16.51,23.03,11.7,21.62,10.52,22.64,10.52,22,43.5298,5.4475,Europe/Paris,7200,
170,2021-05-09,1620534018,1620586141,1620531300,1620578160,0.93,1013,38,7.75,10.61,107,18.97,"[{'id': 804, 'main': 'Clouds', 'description': 'couvert', 'icon': '04d'}]",99,0.44,0.0,7.09,22.79,13.3,23.52,18.0,20.06,13.44,22.12,12.59,19.3,12.59,22,43.5298,5.4475,Europe/Paris,7200,
171,2021-05-10,1620620346,1620672610,1620618900,1620668280,0.96,1011,90,13.16,10.09,113,18.6,"[{'id': 501, 'main': 'Rain', 'description': 'pluie modérée', 'icon': '10d'}]",100,1.0,16.38,1.69,15.18,13.69,17.71,13.69,14.66,15.38,15.1,15.01,14.53,15.01,22,43.5298,5.4475,Europe/Paris,7200,
172,2021-05-11,1620706676,1620759078,1620706620,1620758400,0.0,1008,52,8.71,9.71,317,17.98,"[{'id': 501, 'main': 'Rain', 'description': 'pluie modérée', 'icon': '10d'}]",33,1.0,7.93,6.04,18.87,11.75,18.87,11.75,13.32,13.02,18.17,12.75,12.61,12.75,22,43.5298,5.4475,Europe/Paris,7200,
173,2021-05-12,1620793008,1620845546,1620794580,1620848520,0.02,1011,38,3.29,8.66,310,16.35,"[{'id': 802, 'main': 'Clouds', 'description': 'partiellement nuageux', 'icon': '03d'}]",44,0.0,0.0,7.0,17.75,10.14,18.42,14.04,15.6,10.72,16.57,9.7,14.63,9.7,22,43.5298,5.4475,Europe/Paris,7200,
174,2021-05-13,1620879341,1620932013,1620882720,1620938580,0.05,1008,39,4.65,7.16,311,13.72,"[{'id': 800, 'main': 'Clear', 'description': 'ciel dégagé', 'icon': '01d'}]",9,0.0,0.0,7.0,18.92,11.1,18.92,13.49,16.67,11.91,17.89,10.67,15.67,10.67,22,43.5298,5.4475,Europe/Paris,7200,
175,2021-05-14,1620965676,1621018480,1620971280,1621028580,0.08,1009,45,6.0,5.67,317,7.54,"[{'id': 500, 'main': 'Rain', 'description': 'légère pluie', 'icon': '10d'}]",63,0.32,0.45,7.0,18.37,10.56,18.37,14.36,17.15,10.56,17.44,9.73,16.07,9.73,22,43.5298,5.4475,Europe/Paris,7200,
176,2021-05-15,1621052012,1621104946,1621060200,0,0.11,1011,34,3.52,4.08,311,5.15,"[{'id': 500, 'main': 'Rain', 'description': 'légère pluie', 'icon': '10d'}]",62,0.43,0.53,7.0,19.96,10.82,20.73,14.53,17.21,11.73,18.9,10.6,16.29,10.6,22,43.5298,5.4475,Europe/Paris,7200,
177,2021-05-08,1620447780,1620499891,1620443880,1620488280,0.9,1018,40,8.22,5.67,188,10.02,"[{'id': 802, 'main': 'Clouds', 'description': 'partiellement nuageux', 'icon': '03d'}]",46,0.0,0.0,7.27,22.45,10.82,24.51,15.44,23.71,10.93,21.8,9.85,23.36,9.85,23,43.9492,4.8059,Europe/Paris,7200,
178,2021-05-09,1620534106,1620586362,1620531420,1620578340,0.93,1012,36,8.91,11.31,132,19.42,"[{'id': 500, 'main': 'Rain', 'description': 'légère pluie', 'icon': '10d'}]",91,0.77,0.78,7.27,25.1,12.8,26.06,18.47,21.82,13.06,24.61,12.28,21.18,12.28,23,43.9492,4.8059,Europe/Paris,7200,
179,2021-05-10,1620620433,1620672831,1620619020,1620668460,0.96,1010,80,13.96,10.5,139,19.12,"[{'id': 501, 'main': 'Rain', 'description': 'pluie modérée', 'icon': '10d'}]",100,1.0,10.57,2.1,17.54,14.01,18.65,14.01,15.48,16.67,17.44,16.35,15.38,16.35,23,43.9492,4.8059,Europe/Paris,7200,
180,2021-05-11,1620706762,1620759301,1620706740,1620758580,0.0,1008,52,8.92,8.41,337,14.04,"[{'id': 501, 'main': 'Rain', 'description': 'pluie modérée', 'icon': '10d'}]",60,1.0,10.16,6.39,19.27,11.06,19.27,11.06,13.16,14.13,18.61,13.79,12.36,13.79,23,43.9492,4.8059,Europe/Paris,7200,
181,2021-05-12,1620793092,1620845769,1620794640,1620848760,0.02,1012,43,5.5,8.47,347,13.12,"[{'id': 801, 'main': 'Clouds', 'description': 'peu nuageux', 'icon': '02d'}]",18,0.0,0.0,7.03,18.45,9.52,19.04,13.22,15.76,10.76,17.47,9.72,14.85,9.72,23,43.9492,4.8059,Europe/Paris,7200,
182,2021-05-13,1620879424,1620932238,1620882840,1620938880,0.05,1009,45,6.86,6.41,354,9.52,"[{'id': 802, 'main': 'Clouds', 'description': 'partiellement nuageux', 'icon': '03d'}]",40,0.0,0.0,8.0,19.17,9.57,19.42,12.52,16.66,11.05,18.32,9.99,15.9,9.99,23,43.9492,4.8059,Europe/Paris,7200,
183,2021-05-14,1620965758,1621018706,1620971340,1621028820,0.08,1010,50,6.52,5.45,2,8.81,"[{'id': 500, 'main': 'Rain', 'description': 'légère pluie', 'icon': '10d'}]",38,0.39,0.24,8.0,17.19,10.38,19.53,12.37,16.06,11.59,16.27,10.68,15.24,10.68,23,43.9492,4.8059,Europe/Paris,7200,
184,2021-05-15,1621052093,1621105173,1621060260,0,0.11,1013,46,6.59,8.62,358,14.35,"[{'id': 804, 'main': 'Clouds', 'description': 'couvert', 'icon': '04d'}]",97,0.02,0.0,8.0,18.27,10.23,18.98,14.09,15.91,11.21,17.35,10.24,15.04,10.24,23,43.9492,4.8059,Europe/Paris,7200,
185,2021-05-08,1620447863,1620499994,1620443940,1620488340,0.9,1017,43,9.01,5.94,181,8.29,"[{'id': 803, 'main': 'Clouds', 'description': 'nuageux', 'icon': '04d'}]",54,0.0,0.0,7.45,22.02,10.24,23.87,13.27,22.5,10.62,21.4,9.57,22.22,9.57,24,44.0121,4.4197,Europe/Paris,7200,
186,2021-05-09,1620534189,1620586464,1620531540,1620578460,0.93,1012,37,8.49,10.92,158,17.76,"[{'id': 500, 'main': 'Rain', 'description': 'légère pluie', 'icon': '10d'}]",87,0.83,0.97,6.08,23.93,10.85,24.46,16.66,20.9,11.2,23.34,10.54,20.17,10.54,24,44.0121,4.4197,Europe/Paris,7200,
187,2021-05-10,1620620516,1620672934,1620619140,1620668580,0.96,1010,92,14.12,10.39,155,18.4,"[{'id': 501, 'main': 'Rain', 'description': 'pluie modérée', 'icon': '10d'}]",100,1.0,15.39,0.18,15.45,12.56,16.47,12.56,15.21,15.14,15.45,14.9,15.08,14.9,24,44.0121,4.4197,Europe/Paris,7200,
188,2021-05-11,1620706844,1620759404,1620706860,1620758700,0.0,1009,49,7.9,8.07,316,11.82,"[{'id': 501, 'main': 'Rain', 'description': 'pluie modérée', 'icon': '10d'}]",70,1.0,9.53,5.1,18.73,9.38,18.73,9.38,12.71,12.55,17.94,12.21,11.79,12.21,24,44.0121,4.4197,Europe/Paris,7200,
189,2021-05-12,1620793174,1620845873,1620794760,1620848880,0.02,1012,36,3.85,5.76,27,10.47,"[{'id': 801, 'main': 'Clouds', 'description': 'peu nuageux', 'icon': '02d'}]",17,0.0,0.0,7.27,19.02,7.81,19.37,11.31,14.74,9.87,17.92,7.85,13.81,7.85,24,44.0121,4.4197,Europe/Paris,7200,
190,2021-05-13,1620879506,1620932341,1620882900,1620939000,0.05,1009,43,6.02,5.41,335,8.81,"[{'id': 803, 'main': 'Clouds', 'description': 'nuageux', 'icon': '04d'}]",61,0.01,0.0,8.0,18.8,8.75,19.35,11.42,16.0,11.08,17.86,10.07,15.25,10.07,24,44.0121,4.4197,Europe/Paris,7200,
191,2021-05-14,1620965840,1621018809,1620971400,1621028940,0.08,1010,36,3.56,5.1,320,7.85,"[{'id': 802, 'main': 'Clouds', 'description': 'partiellement nuageux', 'icon': '03d'}]",34,0.05,0.0,8.0,18.78,10.25,19.66,10.92,15.34,10.87,17.65,9.84,14.52,9.84,24,44.0121,4.4197,Europe/Paris,7200,
192,2021-05-15,1621052175,1621105277,1621060320,0,0.11,1013,42,5.29,8.65,26,11.76,"[{'id': 804, 'main': 'Clouds', 'description': 'couvert', 'icon': '04d'}]",98,0.07,0.0,8.0,18.48,8.61,18.48,11.55,15.33,10.44,17.48,9.34,14.35,9.34,24,44.0121,4.4197,Europe/Paris,7200,
193,2021-05-08,1620447905,1620499981,1620443940,1620488340,0.9,1017,42,9.62,5.5,182,8.84,"[{'id': 802, 'main': 'Clouds', 'description': 'partiellement nuageux', 'icon': '03d'}]",38,0.0,0.0,7.41,22.89,11.56,23.84,14.95,22.42,11.88,22.33,10.95,22.13,10.95,25,43.8374,4.3601,Europe/Paris,7200,
194,2021-05-09,1620534231,1620586451,1620531540,1620578460,0.93,1012,37,8.5,11.2,147,18.66,"[{'id': 500, 'main': 'Rain', 'description': 'légère pluie', 'icon': '10d'}]",96,0.81,1.69,7.36,23.84,12.51,24.17,16.87,21.2,12.56,23.25,11.86,20.45,11.86,25,43.8374,4.3601,Europe/Paris,7200,
195,2021-05-10,1620620558,1620672920,1620619140,1620668580,0.96,1010,91,14.4,11.53,146,19.11,"[{'id': 501, 'main': 'Rain', 'description': 'pluie modérée', 'icon': '10d'}]",100,1.0,13.65,1.38,15.9,13.42,16.87,13.42,16.37,15.94,15.92,15.76,16.26,15.76,25,43.8374,4.3601,Europe/Paris,7200,
196,2021-05-11,1620706887,1620759389,1620706860,1620758700,0.0,1009,46,7.93,8.4,314,12.11,"[{'id': 501, 'main': 'Rain', 'description': 'pluie modérée', 'icon': '10d'}]",64,0.96,10.81,6.28,19.67,11.05,19.67,11.05,14.03,13.45,18.89,13.17,13.08,13.17,25,43.8374,4.3601,Europe/Paris,7200,
197,2021-05-12,1620793218,1620845858,1620794760,1620848880,0.02,1012,33,3.19,5.84,42,9.36,"[{'id': 801, 'main': 'Clouds', 'description': 'peu nuageux', 'icon': '02d'}]",11,0.0,0.0,7.12,19.96,9.34,20.62,12.77,16.01,10.82,18.87,9.68,15.13,9.68,25,43.8374,4.3601,Europe/Paris,7200,
198,2021-05-13,1620879550,1620932326,1620882960,1620938940,0.05,1009,39,5.65,5.28,307,10.66,"[{'id': 802, 'main': 'Clouds', 'description': 'partiellement nuageux', 'icon': '03d'}]",49,0.06,0.0,8.0,20.05,10.16,20.49,12.81,16.24,12.55,19.13,11.61,15.54,11.61,25,43.8374,4.3601,Europe/Paris,7200,
199,2021-05-14,1620965884,1621018793,1620971460,1621028940,0.08,1010,34,3.37,5.82,305,10.16,"[{'id': 801, 'main': 'Clouds', 'description': 'peu nuageux', 'icon': '02d'}]",21,0.04,0.0,8.0,19.55,10.8,20.46,12.55,16.66,11.71,18.45,10.61,15.82,10.61,25,43.8374,4.3601,Europe/Paris,7200,
200,2021-05-15,1621052220,1621105260,1621060380,0,0.11,1013,37,4.64,7.62,26,10.75,"[{'id': 804, 'main': 'Clouds', 'description': 'couvert', 'icon': '04d'}]",98,0.08,0.0,8.0,19.52,9.87,19.52,13.53,16.49,11.48,18.49,10.35,15.55,10.35,25,43.8374,4.3601,Europe/Paris,7200,
201,2021-05-08,1620447987,1620499980,1620444000,1620488400,0.9,1018,53,9.13,7.49,120,12.96,"[{'id': 801, 'main': 'Clouds', 'description': 'peu nuageux', 'icon': '02d'}]",19,0.0,0.0,7.41,18.9,13.14,21.01,15.87,20.36,13.37,18.23,12.54,20.17,12.54,26,43.5658,4.1913,Europe/Paris,7200,
202,2021-05-09,1620534314,1620586449,1620531600,1620578460,0.93,1012,58,10.45,15.19,135,21.58,"[{'id': 500, 'main': 'Rain', 'description': 'légère pluie', 'icon': '10d'}]",76,0.6,1.08,7.36,19.15,15.19,19.48,16.59,18.6,15.24,18.64,14.8,18.06,14.8,26,43.5658,4.1913,Europe/Paris,7200,
203,2021-05-10,1620620642,1620672918,1620619200,1620668580,0.96,1010,93,14.63,15.2,136,21.4,"[{'id': 500, 'main': 'Rain', 'description': 'légère pluie', 'icon': '10d'}]",100,0.93,8.33,1.38,15.76,14.96,16.71,14.96,16.37,15.99,15.82,15.92,16.26,15.92,26,43.5658,4.1913,Europe/Paris,7200,
204,2021-05-11,1620706972,1620759386,1620706920,1620758700,0.0,1009,57,8.85,9.87,280,12.57,"[{'id': 500, 'main': 'Rain', 'description': 'légère pluie', 'icon': '10d'}]",66,0.88,8.07,6.28,17.56,13.33,17.56,13.33,15.03,14.84,16.86,14.68,14.13,14.68,26,43.5658,4.1913,Europe/Paris,7200,
205,2021-05-12,1620793303,1620845854,1620794880,1620848880,0.02,1012,42,4.97,7.96,303,10.82,"[{'id': 800, 'main': 'Clear', 'description': 'ciel dégagé', 'icon': '01d'}]",7,0.0,0.0,7.12,18.29,11.69,18.29,14.03,17.73,12.09,17.27,11.03,16.99,11.03,26,43.5658,4.1913,Europe/Paris,7200,
206,2021-05-13,1620879636,1620932321,1620883020,1620938940,0.05,1009,45,6.55,9.75,301,13.85,"[{'id': 802, 'main': 'Clouds', 'description': 'partiellement nuageux', 'icon': '03d'}]",25,0.17,0.0,8.0,18.6,13.09,18.6,15.66,15.73,13.62,17.69,12.73,15.32,12.73,26,43.5658,4.1913,Europe/Paris,7200,
207,2021-05-14,1620965971,1621018788,1620971580,1621028880,0.08,1011,43,5.41,10.87,290,14.2,"[{'id': 801, 'main': 'Clouds', 'description': 'peu nuageux', 'icon': '02d'}]",11,0.16,0.0,8.0,18.35,11.49,19.61,14.2,17.6,12.41,17.36,11.43,16.72,11.43,26,43.5658,4.1913,Europe/Paris,7200,
208,2021-05-15,1621052307,1621105254,1621060500,0,0.11,1013,41,5.29,3.91,336,7.61,"[{'id': 500, 'main': 'Rain', 'description': 'légère pluie', 'icon': '10d'}]",97,0.27,0.14,8.0,18.71,11.82,19.57,14.79,17.48,12.35,17.71,11.23,16.72,11.23,26,43.5658,4.1913,Europe/Paris,7200,
209,2021-05-08,1620447947,1620499905,1620443940,1620488340,0.9,1018,56,8.86,9.08,125,14.34,"[{'id': 801, 'main': 'Clouds', 'description': 'peu nuageux', 'icon': '02d'}]",22,0.0,0.0,7.43,17.89,13.62,21.33,16.0,20.52,13.72,17.2,12.87,20.14,12.87,27,43.4523,4.4287,Europe/Paris,7200,
210,2021-05-09,1620534275,1620586374,1620531540,1620578400,0.93,1012,61,10.67,17.02,136,23.17,"[{'id': 500, 'main': 'Rain', 'description': 'légère pluie', 'icon': '10d'}]",90,0.58,0.79,7.29,18.47,15.73,18.88,16.96,18.74,16.01,17.97,15.57,18.18,15.57,27,43.4523,4.4287,Europe/Paris,7200,
211,2021-05-10,1620620603,1620672842,1620619200,1620668520,0.96,1010,92,14.45,16.08,135,21.82,"[{'id': 501, 'main': 'Rain', 'description': 'pluie modérée', 'icon': '10d'}]",100,0.98,8.07,2.12,15.71,15.19,17.05,15.19,15.95,16.3,15.74,16.18,15.85,16.18,27,43.4523,4.4287,Europe/Paris,7200,
212,2021-05-11,1620706933,1620759310,1620706920,1620758640,0.0,1009,59,9.37,10.11,283,13.14,"[{'id': 501, 'main': 'Rain', 'description': 'pluie modérée', 'icon': '10d'}]",50,0.92,9.8,6.19,17.65,12.98,17.65,12.98,14.74,15.68,17.01,15.44,13.94,15.44,27,43.4523,4.4287,Europe/Paris,7200,
213,2021-05-12,1620793265,1620845778,1620794820,1620848760,0.02,1013,49,5.95,8.74,303,12.42,"[{'id': 801, 'main': 'Clouds', 'description': 'peu nuageux', 'icon': '02d'}]",17,0.0,0.0,7.16,16.95,11.49,16.95,14.09,16.69,11.87,15.98,10.86,16.16,10.86,27,43.4523,4.4287,Europe/Paris,7200,
214,2021-05-13,1620879598,1620932245,1620883020,1620938820,0.05,1009,52,7.67,9.96,303,13.76,"[{'id': 802, 'main': 'Clouds', 'description': 'partiellement nuageux', 'icon': '03d'}]",28,0.08,0.0,8.0,17.76,13.18,17.76,15.54,15.47,13.66,16.95,12.86,15.11,12.86,27,43.4523,4.4287,Europe/Paris,7200,
215,2021-05-14,1620965933,1621018711,1620971520,1621028820,0.08,1010,47,6.24,11.67,288,14.11,"[{'id': 801, 'main': 'Clouds', 'description': 'peu nuageux', 'icon': '02d'}]",15,0.19,0.0,8.0,17.98,11.7,18.97,14.44,17.7,12.05,17.06,11.14,16.88,11.14,27,43.4523,4.4287,Europe/Paris,7200,
216,2021-05-15,1621052270,1621105177,1621060440,0,0.11,1013,47,6.61,7.15,350,12.89,"[{'id': 803, 'main': 'Clouds', 'description': 'nuageux', 'icon': '04d'}]",80,0.09,0.0,8.0,18.07,12.29,18.82,15.29,17.19,12.59,17.16,11.55,16.43,11.55,27,43.4523,4.4287,Europe/Paris,7200,
217,2021-05-08,1620448409,1620500089,1620444240,1620488640,0.9,1016,60,12.67,6.79,150,9.77,"[{'id': 801, 'main': 'Clouds', 'description': 'peu nuageux', 'icon': '02d'}]",11,0.05,0.0,7.56,21.58,14.15,22.97,16.58,22.59,14.25,21.36,14.03,22.6,14.03,28,42.5251,3.0832,Europe/Paris,7200,
218,2021-05-09,1620534739,1620586555,1620531900,1620578700,0.93,1010,66,12.56,8.07,128,11.11,"[{'id': 804, 'main': 'Clouds', 'description': 'couvert', 'icon': '04d'}]",100,0.21,0.0,5.81,19.82,15.0,19.83,16.59,17.32,15.04,19.58,15.0,17.46,15.0,28,42.5251,3.0832,Europe/Paris,7200,
219,2021-05-10,1620621070,1620673021,1620619560,1620668760,0.96,1008,67,11.71,6.96,169,12.43,"[{'id': 804, 'main': 'Clouds', 'description': 'couvert', 'icon': '04d'}]",100,0.27,0.0,6.23,18.63,14.52,21.71,14.65,20.36,15.13,18.3,14.97,19.86,14.97,28,42.5251,3.0832,Europe/Paris,7200,
220,2021-05-11,1620707403,1620759487,1620707340,1620758820,0.0,1013,75,7.2,11.7,324,18.26,"[{'id': 500, 'main': 'Rain', 'description': 'légère pluie', 'icon': '10d'}]",94,0.61,4.13,4.95,12.08,12.08,15.63,13.12,15.2,12.72,11.3,12.32,14.11,12.32,28,42.5251,3.0832,Europe/Paris,7200,
221,2021-05-12,1620793737,1620845952,1620795300,1620848940,0.02,1014,46,5.63,5.77,309,8.29,"[{'id': 804, 'main': 'Clouds', 'description': 'couvert', 'icon': '04d'}]",95,0.23,0.0,7.48,18.29,10.14,18.77,15.23,17.57,11.64,17.38,10.32,16.84,10.32,28,42.5251,3.0832,Europe/Paris,7200,
222,2021-05-13,1620880072,1620932417,1620883500,1620939000,0.05,1011,51,6.44,9.45,323,15.5,"[{'id': 500, 'main': 'Rain', 'description': 'légère pluie', 'icon': '10d'}]",95,0.74,1.17,8.0,17.02,12.6,17.42,12.77,16.55,13.07,16.11,12.1,16.17,12.1,28,42.5251,3.0832,Europe/Paris,7200,
223,2021-05-14,1620966410,1621018881,1620972060,1621028940,0.08,1012,43,4.53,8.56,330,13.98,"[{'id': 500, 'main': 'Rain', 'description': 'légère pluie', 'icon': '10d'}]",44,0.69,2.97,8.0,18.14,11.94,18.14,12.88,14.68,12.1,17.13,11.17,13.95,11.17,28,42.5251,3.0832,Europe/Paris,7200,
224,2021-05-15,1621052749,1621105344,1621061040,0,0.11,1014,42,4.61,10.99,317,16.35,"[{'id': 500, 'main': 'Rain', 'description': 'légère pluie', 'icon': '10d'}]",80,0.23,0.24,8.0,18.48,12.43,19.73,15.16,16.47,12.48,17.48,11.61,15.58,11.61,28,42.5251,3.0832,Europe/Paris,7200,
225,2021-05-08,1620448483,1620500368,1620444480,1620488880,0.9,1015,49,11.4,8.97,92,13.59,"[{'id': 801, 'main': 'Clouds', 'description': 'peu nuageux', 'icon': '02d'}]",19,0.05,0.0,7.69,23.23,11.67,23.6,15.7,21.9,11.91,22.89,11.43,21.66,11.43,29,43.213,2.3491,Europe/Paris,7200,
226,2021-05-09,1620534810,1620586836,1620532080,1620578940,0.93,1008,64,12.02,11.69,101,15.02,"[{'id': 501, 'main': 'Rain', 'description': 'pluie modérée', 'icon': '10d'}]",100,0.86,1.69,5.31,19.81,14.75,20.57,16.0,16.24,14.75,19.52,14.55,16.14,14.55,29,43.213,2.3491,Europe/Paris,7200,
227,2021-05-10,1620621140,1620673304,1620619680,1620669000,0.96,1009,60,9.28,3.51,288,7.55,"[{'id': 500, 'main': 'Rain', 'description': 'légère pluie', 'icon': '10d'}]",100,0.89,1.51,6.0,17.75,13.08,19.41,13.08,18.9,13.59,17.15,13.46,18.49,13.46,29,43.213,2.3491,Europe/Paris,7200,
228,2021-05-11,1620707470,1620759772,1620707460,1620759120,0.0,1015,92,7.09,9.44,282,14.78,"[{'id': 501, 'main': 'Rain', 'description': 'pluie modérée', 'icon': '10d'}]",100,0.91,15.28,1.0,9.12,9.12,12.59,9.3,11.76,11.08,5.34,10.7,11.08,10.7,29,43.213,2.3491,Europe/Paris,7200,
229,2021-05-12,1620793803,1620846239,1620795360,1620849240,0.02,1014,40,4.45,5.89,314,12.87,"[{'id': 802, 'main': 'Clouds', 'description': 'partiellement nuageux', 'icon': '03d'}]",50,0.19,0.0,6.27,18.78,6.26,18.98,11.05,15.8,8.26,17.76,6.79,15.05,6.79,29,43.213,2.3491,Europe/Paris,7200,
230,2021-05-13,1620880137,1620932705,1620883560,1620939300,0.05,1011,47,5.75,8.8,276,17.17,"[{'id': 500, 'main': 'Rain', 'description': 'légère pluie', 'icon': '10d'}]",69,0.98,3.53,7.0,17.66,9.17,18.65,10.51,15.34,9.21,16.71,6.73,14.68,6.73,29,43.213,2.3491,Europe/Paris,7200,
231,2021-05-14,1620966472,1621019171,1620972060,1621029240,0.08,1013,42,4.13,9.62,283,15.16,"[{'id': 500, 'main': 'Rain', 'description': 'légère pluie', 'icon': '10d'}]",38,0.93,1.01,7.0,17.6,8.55,17.6,10.52,14.6,8.99,16.51,5.98,13.63,5.98,29,43.213,2.3491,Europe/Paris,7200,
232,2021-05-15,1621052809,1621105636,1621061040,0,0.11,1016,44,4.76,6.62,283,13.09,"[{'id': 500, 'main': 'Rain', 'description': 'légère pluie', 'icon': '10d'}]",93,0.32,0.33,7.0,17.47,9.04,17.47,11.03,14.09,9.72,16.42,7.63,13.38,7.63,29,43.213,2.3491,Europe/Paris,7200,
233,2021-05-08,1620448749,1620500554,1620444660,1620489060,0.9,1013,38,8.32,3.49,172,5.6,"[{'id': 802, 'main': 'Clouds', 'description': 'partiellement nuageux', 'icon': '03d'}]",35,0.01,0.0,8.17,21.54,6.79,26.06,11.22,24.67,6.99,20.74,5.49,24.03,5.49,30,42.9455,1.4066,Europe/Paris,7200,
234,2021-05-09,1620535077,1620587022,1620532320,1620579120,0.93,1006,37,4.51,4.1,205,7.69,"[{'id': 501, 'main': 'Rain', 'description': 'pluie modérée', 'icon': '10d'}]",97,0.96,4.47,6.91,18.49,8.1,18.49,8.1,13.27,8.72,17.36,6.61,12.48,6.61,30,42.9455,1.4066,Europe/Paris,7200,
235,2021-05-10,1620621407,1620673489,1620619920,1620669240,0.96,1009,74,6.68,2.51,194,3.97,"[{'id': 502, 'main': 'Rain', 'description': 'forte pluie', 'icon': '10d'}]",100,1.0,9.61,5.24,9.73,4.71,10.35,4.71,9.97,5.81,9.17,5.81,9.97,5.81,30,42.9455,1.4066,Europe/Paris,7200,
236,2021-05-11,1620707739,1620759956,1620707700,1620759300,0.0,1018,97,2.67,3.12,277,8.27,"[{'id': 501, 'main': 'Rain', 'description': 'pluie modérée', 'icon': '10d'}]",100,1.0,14.74,1.96,1.32,0.47,4.58,0.47,3.83,3.49,-1.51,0.66,1.32,0.66,30,42.9455,1.4066,Europe/Paris,7200,
237,2021-05-12,1620794072,1620846422,1620795660,1620849420,0.02,1013,42,0.77,3.03,339,3.75,"[{'id': 616, 'main': 'Snow', 'description': 'pluie et neige', 'icon': '13d'}]",81,0.76,1.4,7.79,12.12,-1.35,12.12,2.67,6.02,1.77,10.48,0.05,5.02,0.05,30,42.9455,1.4066,Europe/Paris,7200,0.22
238,2021-05-13,1620880406,1620932887,1620883860,1620939480,0.05,1010,49,2.67,2.93,315,11.25,"[{'id': 501, 'main': 'Rain', 'description': 'pluie modérée', 'icon': '10d'}]",78,0.96,12.37,8.0,11.65,1.42,11.65,3.07,5.88,2.69,10.15,2.69,3.61,2.69,30,42.9455,1.4066,Europe/Paris,7200,
239,2021-05-14,1620966743,1621019353,1620972360,1621029420,0.08,1013,46,0.36,4.22,318,6.59,"[{'id': 500, 'main': 'Rain', 'description': 'légère pluie', 'icon': '10d'}]",51,0.89,5.15,8.0,10.08,0.49,10.08,2.69,4.28,1.72,8.34,0.16,2.41,0.16,30,42.9455,1.4066,Europe/Paris,7200,
240,2021-05-15,1621053081,1621105817,1621061340,0,0.11,1017,58,2.5,3.67,319,7.27,"[{'id': 500, 'main': 'Rain', 'description': 'légère pluie', 'icon': '10d'}]",93,0.85,6.47,8.0,8.75,1.74,8.75,3.07,4.7,2.53,6.63,2.53,2.7,2.53,30,42.9455,1.4066,Europe/Paris,7200,
241,2021-05-08,1620448640,1620500645,1620444660,1620489060,0.9,1013,50,13.03,8.12,125,15.96,"[{'id': 802, 'main': 'Clouds', 'description': 'partiellement nuageux', 'icon': '03d'}]",36,0.0,0.0,7.73,23.83,10.61,25.46,15.57,24.39,10.63,23.57,10.15,24.14,10.15,31,43.6045,1.4442,Europe/Paris,7200,
242,2021-05-09,1620534966,1620587115,1620532260,1620579180,0.93,1005,69,12.79,11.06,129,16.78,"[{'id': 500, 'main': 'Rain', 'description': 'légère pluie', 'icon': '10d'}]",100,0.96,1.77,3.45,18.69,14.22,21.22,14.92,17.3,14.5,18.42,14.07,17.2,14.07,31,43.6045,1.4442,Europe/Paris,7200,
243,2021-05-10,1620621295,1620673584,1620619860,1620669300,0.96,1009,56,8.45,3.71,286,8.26,"[{'id': 500, 'main': 'Rain', 'description': 'légère pluie', 'icon': '10d'}]",100,1.0,4.82,5.95,17.25,11.28,18.94,11.28,17.15,11.76,16.49,11.47,16.72,11.47,31,43.6045,1.4442,Europe/Paris,7200,
244,2021-05-11,1620707624,1620760052,1620707640,1620759420,0.0,1016,84,8.53,7.71,283,12.68,"[{'id': 501, 'main': 'Rain', 'description': 'pluie modérée', 'icon': '10d'}]",100,1.0,15.58,2.68,11.28,8.64,13.29,8.64,11.99,10.25,10.66,9.81,11.2,9.81,31,43.6045,1.4442,Europe/Paris,7200,
245,2021-05-12,1620793956,1620846520,1620795540,1620849540,0.02,1014,45,5.72,4.9,301,9.63,"[{'id': 500, 'main': 'Rain', 'description': 'légère pluie', 'icon': '10d'}]",55,0.55,0.53,7.17,17.62,5.67,17.62,10.77,15.5,7.6,16.61,7.6,14.83,7.6,31,43.6045,1.4442,Europe/Paris,7200,
246,2021-05-13,1620880289,1620932987,1620883740,1620939660,0.05,1011,50,6.64,9.02,273,16.09,"[{'id': 500, 'main': 'Rain', 'description': 'légère pluie', 'icon': '10d'}]",59,0.88,4.18,8.0,17.06,7.37,18.31,9.8,11.87,8.46,16.13,6.93,11.49,6.93,31,43.6045,1.4442,Europe/Paris,7200,
247,2021-05-14,1620966623,1621019454,1620972240,1621029600,0.08,1014,56,6.82,7.07,293,10.85,"[{'id': 500, 'main': 'Rain', 'description': 'légère pluie', 'icon': '10d'}]",43,0.69,1.95,8.0,15.57,7.15,16.5,9.86,13.76,8.42,14.64,6.12,12.81,6.12,31,43.6045,1.4442,Europe/Paris,7200,
248,2021-05-15,1621052959,1621105920,1621061160,0,0.11,1016,49,6.11,5.38,284,11.11,"[{'id': 500, 'main': 'Rain', 'description': 'légère pluie', 'icon': '10d'}]",55,0.85,3.91,8.0,16.81,7.28,16.81,9.7,13.31,7.99,15.83,6.85,12.68,6.85,31,43.6045,1.4442,Europe/Paris,7200,
249,2021-05-08,1620448597,1620500731,1620444720,1620489120,0.9,1013,52,13.29,5.72,130,12.2,"[{'id': 803, 'main': 'Clouds', 'description': 'nuageux', 'icon': '04d'}]",53,0.0,0.0,7.57,23.71,10.67,26.88,16.64,25.9,10.67,23.49,10.12,25.77,10.12,32,44.0176,1.355,Europe/Paris,7200,
250,2021-05-09,1620534923,1620587201,1620532260,1620579240,0.93,1006,66,13.03,9.87,134,16.52,"[{'id': 500, 'main': 'Rain', 'description': 'légère pluie', 'icon': '10d'}]",95,1.0,3.89,3.56,19.52,14.37,21.15,14.76,17.21,14.89,19.25,14.42,17.1,14.42,32,44.0176,1.355,Europe/Paris,7200,
251,2021-05-10,1620621250,1620673671,1620619860,1620669360,0.96,1009,61,9.53,4.76,245,9.05,"[{'id': 501, 'main': 'Rain', 'description': 'pluie modérée', 'icon': '10d'}]",93,1.0,8.67,6.67,17.09,11.16,19.29,11.5,18.68,11.16,16.45,10.79,18.07,10.79,32,44.0176,1.355,Europe/Paris,7200,
252,2021-05-11,1620707578,1620760141,1620707580,1620759480,0.0,1015,78,8.68,8.43,291,13.06,"[{'id': 501, 'main': 'Rain', 'description': 'pluie modérée', 'icon': '10d'}]",100,1.0,7.73,3.54,12.49,8.15,14.66,8.15,12.69,10.35,11.83,9.92,11.87,9.92,32,44.0176,1.355,Europe/Paris,7200,
253,2021-05-12,1620793908,1620846610,1620795480,1620849660,0.02,1015,50,6.88,5.48,265,9.49,"[{'id': 500, 'main': 'Rain', 'description': 'légère pluie', 'icon': '10d'}]",60,0.4,0.25,7.06,17.35,6.03,17.35,11.29,15.52,7.83,16.45,7.12,14.9,7.12,32,44.0176,1.355,Europe/Paris,7200,
254,2021-05-13,1620880240,1620933078,1620883680,1620939780,0.05,1011,52,6.65,11.62,278,17.64,"[{'id': 500, 'main': 'Rain', 'description': 'légère pluie', 'icon': '10d'}]",61,0.95,4.34,8.0,16.42,7.08,17.26,8.94,11.65,8.53,15.48,7.3,11.33,7.3,32,44.0176,1.355,Europe/Paris,7200,
255,2021-05-14,1620966574,1621019546,1620972120,0,0.08,1014,62,7.74,6.93,283,12.27,"[{'id': 500, 'main': 'Rain', 'description': 'légère pluie', 'icon': '10d'}]",52,0.95,2.08,8.0,14.78,6.58,16.54,9.07,14.14,8.53,13.93,6.68,13.25,6.68,32,44.0176,1.355,Europe/Paris,7200,
256,2021-05-15,1621052909,1621106014,1621061100,1621029720,0.11,1017,53,7.16,5.04,302,11.2,"[{'id': 500, 'main': 'Rain', 'description': 'légère pluie', 'icon': '10d'}]",18,0.73,2.21,8.0,16.64,5.99,16.85,9.56,13.14,7.86,15.74,7.38,12.47,7.38,32,44.0176,1.355,Europe/Paris,7200,
257,2021-05-08,1620449379,1620501345,1620445380,1620489840,0.9,1009,41,12.27,4.63,154,9.44,"[{'id': 802, 'main': 'Clouds', 'description': 'partiellement nuageux', 'icon': '03d'}]",38,0.0,0.0,7.77,26.59,12.86,32.38,19.93,28.97,13.81,26.59,13.6,28.32,13.6,33,43.4711,-1.5527,Europe/Paris,7200,
258,2021-05-09,1620535706,1620587814,1620532980,1620579900,0.93,1001,53,12.07,6.85,270,12.62,"[{'id': 501, 'main': 'Rain', 'description': 'pluie modérée', 'icon': '10d'}]",100,1.0,7.68,6.6,21.88,12.72,22.33,12.72,13.74,17.02,21.51,16.4,13.57,16.4,33,43.4711,-1.5527,Europe/Paris,7200,
259,2021-05-10,1620622034,1620674282,1620620640,1620670020,0.96,1008,57,7.85,4.91,278,6.71,"[{'id': 502, 'main': 'Rain', 'description': 'forte pluie', 'icon': '10d'}]",6,1.0,9.74,6.85,16.38,10.49,16.38,11.56,13.86,11.14,15.56,10.53,13.29,10.53,33,43.4711,-1.5527,Europe/Paris,7200,
260,2021-05-11,1620708365,1620760750,1620708360,1620760140,0.0,1018,68,7.65,8.91,295,11.59,"[{'id': 501, 'main': 'Rain', 'description': 'pluie modérée', 'icon': '10d'}]",79,1.0,9.76,5.91,13.4,10.24,14.17,10.84,13.39,10.24,12.57,9.51,12.46,9.51,33,43.4711,-1.5527,Europe/Paris,7200,
261,2021-05-12,1620794696,1620847218,1620796320,1620850260,0.02,1014,53,7.75,9.36,292,12.97,"[{'id': 500, 'main': 'Rain', 'description': 'légère pluie', 'icon': '10d'}]",77,0.74,1.67,6.4,17.28,9.12,18.2,12.19,13.04,10.91,16.45,9.81,12.65,9.81,33,43.4711,-1.5527,Europe/Paris,7200,
262,2021-05-13,1620881030,1620933685,1620884460,1620940380,0.05,1010,61,9.11,14.55,254,21.32,"[{'id': 500, 'main': 'Rain', 'description': 'légère pluie', 'icon': '10d'}]",100,0.87,3.84,7.0,16.61,10.32,16.61,12.31,12.31,10.32,15.92,9.65,11.69,9.65,33,43.4711,-1.5527,Europe/Paris,7200,
263,2021-05-14,1620967364,1621020151,1620972960,0,0.08,1016,76,9.13,6.9,287,9.5,"[{'id': 501, 'main': 'Rain', 'description': 'pluie modérée', 'icon': '10d'}]",46,0.91,11.33,7.0,13.18,10.66,14.39,10.66,12.4,11.58,12.54,10.8,11.73,10.8,33,43.4711,-1.5527,Europe/Paris,7200,
264,2021-05-15,1621053701,1621106617,1621061940,1621030260,0.11,1020,83,10.23,5.97,332,8.2,"[{'id': 501, 'main': 'Rain', 'description': 'pluie modérée', 'icon': '10d'}]",99,1.0,19.04,7.0,12.89,10.73,13.97,11.85,12.82,11.58,12.4,10.99,12.3,10.99,33,43.4711,-1.5527,Europe/Paris,7200,
265,2021-05-08,1620449357,1620501330,1620445380,1620489780,0.9,1009,37,11.88,4.46,149,9.98,"[{'id': 802, 'main': 'Clouds', 'description': 'partiellement nuageux', 'icon': '03d'}]",36,0.0,0.0,7.91,27.9,12.79,32.18,20.44,29.17,13.85,27.39,13.67,28.52,13.67,34,43.4933,-1.4751,Europe/Paris,7200,
266,2021-05-09,1620535684,1620587799,1620532980,1620579900,0.93,1001,50,12.11,7.94,160,14.27,"[{'id': 501, 'main': 'Rain', 'description': 'pluie modérée', 'icon': '10d'}]",100,1.0,6.81,6.09,22.91,12.99,23.55,12.99,13.97,17.23,22.56,16.6,13.85,16.6,34,43.4933,-1.4751,Europe/Paris,7200,
267,2021-05-10,1620622012,1620674267,1620620580,1620669960,0.96,1008,56,8.26,5.0,280,7.38,"[{'id': 502, 'main': 'Rain', 'description': 'forte pluie', 'icon': '10d'}]",5,1.0,10.82,6.88,17.18,10.38,17.18,11.65,14.18,11.08,16.42,10.52,13.66,10.52,34,43.4933,-1.4751,Europe/Paris,7200,
268,2021-05-11,1620708342,1620760735,1620708360,1620760140,0.0,1018,69,8.16,8.81,295,11.77,"[{'id': 501, 'main': 'Rain', 'description': 'pluie modérée', 'icon': '10d'}]",81,1.0,9.79,5.92,13.76,10.35,14.64,10.68,13.69,10.35,12.99,9.66,12.79,9.66,34,43.4933,-1.4751,Europe/Paris,7200,
269,2021-05-12,1620794674,1620847203,1620796260,1620850260,0.02,1014,50,7.26,8.91,291,12.83,"[{'id': 500, 'main': 'Rain', 'description': 'légère pluie', 'icon': '10d'}]",84,0.72,1.64,6.55,17.9,8.86,18.31,12.21,13.28,10.72,17.05,9.62,12.94,9.62,34,43.4933,-1.4751,Europe/Paris,7200,
270,2021-05-13,1620881007,1620933670,1620884460,1620940320,0.05,1010,60,9.2,13.64,251,20.9,"[{'id': 500, 'main': 'Rain', 'description': 'légère pluie', 'icon': '10d'}]",100,0.89,3.67,7.0,17.13,10.39,17.13,12.51,12.57,10.39,16.47,9.81,12.0,9.81,34,43.4933,-1.4751,Europe/Paris,7200,
271,2021-05-14,1620967342,1621020136,1620972960,0,0.08,1016,78,9.64,6.46,287,9.79,"[{'id': 501, 'main': 'Rain', 'description': 'pluie modérée', 'icon': '10d'}]",45,0.92,11.78,7.0,13.44,10.51,14.89,10.51,12.7,11.73,12.88,11.0,12.09,11.0,34,43.4933,-1.4751,Europe/Paris,7200,
272,2021-05-15,1621053679,1621106602,1621061940,1621030260,0.11,1020,83,10.65,5.75,305,8.23,"[{'id': 501, 'main': 'Rain', 'description': 'pluie modérée', 'icon': '10d'}]",98,1.0,18.35,7.0,13.44,10.41,14.59,11.91,13.05,11.63,13.01,11.09,12.58,11.09,34,43.4933,-1.4751,Europe/Paris,7200,
273,2021-05-08,1620448849,1620501682,1620445320,1620489780,0.9,1011,65,12.61,5.07,198,7.81,"[{'id': 803, 'main': 'Clouds', 'description': 'nuageux', 'icon': '04d'}]",53,0.09,0.0,7.08,19.35,12.35,25.0,17.33,22.69,13.34,19.04,13.08,22.56,13.08,35,46.1591,-1.152,Europe/Paris,7200,
274,2021-05-09,1620535168,1620588159,1620532800,1620579960,0.93,1000,67,12.11,10.07,159,16.34,"[{'id': 501, 'main': 'Rain', 'description': 'pluie modérée', 'icon': '10d'}]",94,0.98,4.4,6.56,18.51,12.38,18.51,12.5,12.99,15.49,18.17,15.21,12.62,15.21,35,46.1591,-1.152,Europe/Paris,7200,
275,2021-05-10,1620621489,1620674635,1620620280,1620670200,0.96,1009,71,9.44,8.46,233,11.51,"[{'id': 500, 'main': 'Rain', 'description': 'légère pluie', 'icon': '10d'}]",12,0.87,1.55,6.64,14.54,11.88,14.67,11.88,13.59,12.43,13.9,11.84,12.88,11.84,35,46.1591,-1.152,Europe/Paris,7200,
276,2021-05-11,1620707812,1620761111,1620707940,1620760440,0.0,1014,68,7.88,10.95,262,12.77,"[{'id': 501, 'main': 'Rain', 'description': 'pluie modérée', 'icon': '10d'}]",64,0.98,5.64,5.48,13.56,10.63,13.56,12.05,13.01,11.89,12.75,11.07,12.22,11.07,35,46.1591,-1.152,Europe/Paris,7200,
277,2021-05-12,1620794136,1620847586,1620795720,1620850680,0.02,1013,73,9.13,10.46,294,13.34,"[{'id': 500, 'main': 'Rain', 'description': 'légère pluie', 'icon': '10d'}]",99,0.9,3.31,6.39,13.93,11.75,14.84,12.03,13.71,12.12,13.28,11.37,13.28,11.37,35,46.1591,-1.152,Europe/Paris,7200,
278,2021-05-13,1620880462,1620934060,1620883800,1620940920,0.05,1012,75,8.13,8.59,280,10.67,"[{'id': 500, 'main': 'Rain', 'description': 'légère pluie', 'icon': '10d'}]",90,1.0,3.33,7.0,12.28,11.02,12.95,11.45,12.17,11.56,11.52,10.81,11.4,10.81,35,46.1591,-1.152,Europe/Paris,7200,
279,2021-05-14,1620966789,1621020534,1620972240,0,0.08,1013,62,6.63,6.94,273,7.65,"[{'id': 500, 'main': 'Rain', 'description': 'légère pluie', 'icon': '10d'}]",5,0.82,1.68,7.0,13.64,9.69,13.8,11.26,13.08,9.69,12.68,7.25,12.32,7.25,35,46.1591,-1.152,Europe/Paris,7200,
280,2021-05-15,1621053118,1621107008,1621061160,1621030860,0.11,1019,59,6.84,7.26,350,9.55,"[{'id': 500, 'main': 'Rain', 'description': 'légère pluie', 'icon': '10d'}]",98,0.39,0.31,7.0,14.62,8.66,14.62,11.48,11.59,9.71,13.68,8.25,10.79,8.25,35,46.1591,-1.152,Europe/Paris,7200,
